Company,Title,Date,Code
Макпетрол АД Скопје,Other price sensitive information,27.12.2024 14:05:00,MPT
ТТК Банка АД Скопје,Proposal - decisions for the Shareholders' Meeting,27.12.2024 14:05:00,TTK
Макпетрол АД Скопје,Other price sensitive information,27.12.2024 09:40:00,MPT
УНИ Банка АД Скопје,Changes in management bodies,27.12.2024 09:14:53,UNI
Нова стоковна куќа АД Струмица,Other price sensitive information,26.12.2024 14:06:00,NSK
ТТК Банка АД Скопје,Changes in management bodies,25.12.2024 15:42:03,TTK
Македонијатурист АД Скопје,Other price sensitive information,25.12.2024 15:35:15,MTT
Македонијатурист АД Скопје,Other price sensitive information,25.12.2024 15:27:30,MTT
Факом АД Скопје,Other price sensitive information,25.12.2024 15:13:47,FAKM
Силекс АД Кратово,Other price sensitive information,25.12.2024 15:02:37,SILEX
Агромеханика АД Скопје,Unaudited income statement 01.01. - 30.09.,01.11.2024 08:28:09,AGRO
Агромеханика АД Скопје,Other price sensitive information,06.08.2024 14:06:15,AGRO
Агромеханика АД Скопје,Unaudited financial statements 01.01. - 30.06.,06.08.2024 14:05:15,AGRO
Адинг АД Скопје,Other price sensitive information,28.10.2024 09:10:53,ADIN
Адинг АД Скопје,Unaudited income statement 01.01. - 30.09.,28.10.2024 09:10:49,ADIN
Адинг АД Скопје,Other price sensitive information,22.10.2024 14:36:38,ADIN
Адинг АД Скопје,Unaudited income statement 01.01. - 30.09.,22.10.2024 14:36:25,ADIN
Адинг АД Скопје,Other price sensitive information,13.08.2024 14:05:02,ADIN
Адинг АД Скопје,Other price sensitive information,01.08.2024 14:12:48,ADIN
Адинг АД Скопје,Unaudited financial statements 01.01. - 30.06.,01.08.2024 14:12:48,ADIN
Адинг АД Скопје,Other price sensitive information,24.07.2024 09:34:39,ADIN
Адинг АД Скопје,Unaudited financial statements 01.01. - 30.06.,24.07.2024 09:34:34,ADIN
Алкалоид АД Скопје,Other price sensitive information,18.12.2024 09:30:00,ALK
Алкалоид АД Скопје,Other price sensitive information,13.12.2024 14:30:00,ALK
Алкалоид АД Скопје,Other price sensitive information,08.11.2024 09:00:00,ALK
Алкалоид АД Скопје,Other price sensitive information,08.11.2024 09:00:00,ALK
Алкалоид АД Скопје,Other price sensitive information,08.11.2024 09:00:00,ALK
Алкалоид АД Скопје,Other price sensitive information,08.11.2024 09:00:00,ALK
Алкалоид АД Скопје,Other price sensitive information,08.11.2024 09:00:00,ALK
Алкалоид АД Скопје,Unaudited income statement 01.01. - 30.09.,31.10.2024 09:00:01,ALK
Алкалоид АД Скопје,Unaudited income statement 01.01. - 30.09.,31.10.2024 09:00:00,ALK
Алкалоид АД Скопје,Other price sensitive information,31.10.2024 09:00:00,ALK
Ангропромет Тиквешанка АД Кавадарци,Unaudited income statement 01.01. - 30.09.,30.10.2024 14:10:01,APTK
Ангропромет Тиквешанка АД Кавадарци,Other price sensitive information,30.10.2024 14:10:01,APTK
Ангропромет Тиквешанка АД Кавадарци,Other price sensitive information,26.07.2024 14:11:40,APTK
Ангропромет Тиквешанка АД Кавадарци,Unaudited financial statements 01.01. - 30.06.,26.07.2024 14:10:40,APTK
Аутомакедонија АД Скопје,Other price sensitive information,03.12.2024 14:05:00,AUMK
Аутомакедонија АД Скопје,Other price sensitive information,15.11.2024 15:33:04,AUMK
Аутомакедонија АД Скопје,Unaudited income statement 01.01. - 30.09.,15.11.2024 15:31:08,AUMK
Аутомакедонија АД Скопје,Other price sensitive information,31.10.2024 14:10:00,AUMK
Аутомакедонија АД Скопје,Unaudited income statement 01.01. - 30.09.,31.10.2024 14:10:00,AUMK
Аутомакедонија АД Скопје,Other price sensitive information,23.09.2024 15:49:12,AUMK
Аутомакедонија АД Скопје,Other price sensitive information,15.08.2024 14:52:01,AUMK
Аутомакедонија АД Скопје,Unaudited financial statements 01.01. - 30.06.,15.08.2024 14:51:58,AUMK
Аутомакедонија АД Скопје,Other price sensitive information,31.07.2024 15:33:20,AUMK
Аутомакедонија АД Скопје,Unaudited financial statements 01.01. - 30.06.,31.07.2024 15:33:16,AUMK
БИМ АД Свети Николе,Other price sensitive information,31.10.2024 08:46:50,BIM
БИМ АД Свети Николе,Unaudited income statement 01.01. - 30.09.,31.10.2024 08:42:35,BIM
БИМ АД Свети Николе,Other price sensitive information,30.07.2024 09:12:23,BIM
БИМ АД Свети Николе,Unaudited financial statements 01.01. - 30.06.,30.07.2024 09:12:14,BIM
БИМ АД Свети Николе,Purchase/sale of own shares,25.07.2024 08:36:45,BIM
Вабтек МЗТ АД Скопје,Proposal - decisions for the Shareholders' Meeting,20.12.2024 14:05:00,VABT
Вабтек МЗТ АД Скопје,Proposal - decisions for the Shareholders' Meeting,19.12.2024 14:05:00,VABT
Вабтек МЗТ АД Скопје,Public call for assembly,19.12.2024 14:05:00,VABT
Вабтек МЗТ АД Скопје,Other price sensitive information,24.10.2024 14:05:00,VABT
Вабтек МЗТ АД Скопје,Unaudited income statement 01.01. - 30.09.,24.10.2024 14:05:00,VABT
Вабтек МЗТ АД Скопје,Other decisions of the assembly,07.08.2024 08:43:15,VABT
Вабтек МЗТ АД Скопје,Other price sensitive information,31.07.2024 14:18:33,VABT
Вабтек МЗТ АД Скопје,Unaudited financial statements 01.01. - 30.06.,31.07.2024 14:18:33,VABT
Вабтек МЗТ АД Скопје,Proposal - decisions for the Shareholders' Meeting,05.07.2024 15:58:21,VABT
Вабтек МЗТ АД Скопје,Proposal - decisions for the Shareholders' Meeting,02.07.2024 14:05:59,VABT
ВВ Тиквеш АД Кавадарци,Unaudited income statement 01.01. - 30.09.,15.11.2024 14:05:00,VVT
ВВ Тиквеш АД Кавадарци,Unaudited income statement 01.01. - 30.09.,31.10.2024 14:06:00,VVT
ВВ Тиквеш АД Кавадарци,Other price sensitive information,15.08.2024 14:55:09,VVT
ВВ Тиквеш АД Кавадарци,Unaudited financial statements 01.01. - 30.06.,15.08.2024 14:55:06,VVT
ВВ Тиквеш АД Кавадарци,Other price sensitive information,31.07.2024 14:13:33,VVT
ВВ Тиквеш АД Кавадарци,Unaudited financial statements 01.01. - 30.06.,31.07.2024 14:13:33,VVT
ВВ Тиквеш АД Кавадарци,Changes in management bodies,09.07.2024 08:40:05,VVT
Ветекс АД Велес,Unaudited income statement 01.01. - 30.09.,30.10.2024 14:05:02,VETEX
Ветекс АД Велес,Other price sensitive information,30.10.2024 14:05:02,VETEX
Ветекс АД Велес,Other price sensitive information,17.07.2024 14:05:25,VETEX
Ветекс АД Велес,Unaudited financial statements 01.01. - 30.06.,17.07.2024 14:05:25,VETEX
Витаминка АД Прилеп,Purchase/sale of own shares,24.12.2024 15:00:00,VITAM
Витаминка АД Прилеп,Other price sensitive information,31.10.2024 15:05:00,VITAM
Витаминка АД Прилеп,Unaudited income statement 01.01. - 30.09.,31.10.2024 15:01:00,VITAM
Витаминка АД Прилеп,Other price sensitive information,15.08.2024 15:27:55,VITAM
Витаминка АД Прилеп,Unaudited financial statements 01.01. - 30.06.,15.08.2024 15:27:34,VITAM
Витаминка АД Прилеп,Other price sensitive information,14.08.2024 15:00:30,VITAM
Витаминка АД Прилеп,Other price sensitive information,31.07.2024 15:15:34,VITAM
Витаминка АД Прилеп,Unaudited financial statements 01.01. - 30.06.,31.07.2024 15:10:34,VITAM
Витаминка АД Прилеп,Other price sensitive information,30.07.2024 15:00:44,VITAM
ГД Тиквеш АД Кавадарци,Other price sensitive information,31.10.2024 14:22:38,GDTIK
ГД Тиквеш АД Кавадарци,Unaudited income statement 01.01. - 30.09.,31.10.2024 14:22:32,GDTIK
ГД Тиквеш АД Кавадарци,Other price sensitive information,26.07.2024 14:22:41,GDTIK
ГД Тиквеш АД Кавадарци,Unaudited financial statements 01.01. - 30.06.,26.07.2024 14:22:41,GDTIK
Герас Цунев Трговија АД Струмица,Other price sensitive information,13.12.2024 09:08:26,GERAS
Герас Цунев Трговија АД Струмица,Other price sensitive information,10.12.2024 14:43:53,GERAS
Герас Цунев Трговија АД Струмица,Other price sensitive information,28.10.2024 15:01:58,GERAS
Герас Цунев Трговија АД Струмица,Other price sensitive information,28.10.2024 08:40:01,GERAS
Герас Цунев Трговија АД Струмица,Unaudited income statement 01.01. - 30.09.,28.10.2024 08:39:57,GERAS
Герас Цунев Трговија АД Струмица,Other price sensitive information,25.10.2024 14:05:01,GERAS
Герас Цунев Трговија АД Струмица,Other price sensitive information,26.07.2024 14:16:41,GERAS
Герас Цунев Трговија АД Струмица,Unaudited financial statements 01.01. - 30.06.,26.07.2024 14:16:41,GERAS
Герас Цунев Трговија АД Струмица,Audited financial statements,25.07.2024 14:12:56,GERAS
Герас Цунев Трговија АД Струмица,Other decisions of the assembly,25.07.2024 14:10:38,GERAS
Гранит АД Скопје,Other price sensitive information,15.11.2024 14:11:29,GRNT
Гранит АД Скопје,Unaudited income statement 01.01. - 30.09.,15.11.2024 14:11:26,GRNT
Гранит АД Скопје,Other price sensitive information,31.10.2024 14:25:38,GRNT
Гранит АД Скопје,Unaudited income statement 01.01. - 30.09.,31.10.2024 14:25:36,GRNT
Гранит АД Скопје,Other price sensitive information,03.09.2024 15:44:53,GRNT
Гранит АД Скопје,Other price sensitive information,15.08.2024 14:06:42,GRNT
Гранит АД Скопје,Unaudited financial statements 01.01. - 30.06.,15.08.2024 14:06:42,GRNT
Гранит АД Скопје,Other price sensitive information,31.07.2024 14:07:33,GRNT
Гранит АД Скопје,Unaudited financial statements 01.01. - 30.06.,31.07.2024 14:07:33,GRNT
Грозд АД Струмица,Unaudited income statement 01.01. - 30.09.,29.10.2024 09:20:20,GROZD
Грозд АД Струмица,Other price sensitive information,31.07.2024 08:40:40,GROZD
Грозд АД Струмица,Unaudited financial statements 01.01. - 30.06.,31.07.2024 08:40:37,GROZD
ГТЦ АД Скопје,Changes in management bodies,11.11.2024 15:46:37,GTC
ГТЦ АД Скопје,Proposal - decisions for the Shareholders' Meeting,04.11.2024 15:47:59,GTC
ГТЦ АД Скопје,Unaudited income statement 01.01. - 30.09.,29.10.2024 14:05:00,GTC
ГТЦ АД Скопје,Proposal - decisions for the Shareholders' Meeting,08.10.2024 15:14:26,GTC
ГТЦ АД Скопје,Public call for assembly,08.10.2024 15:14:22,GTC
ГТЦ АД Скопје,Other price sensitive information,30.07.2024 14:06:43,GTC
ГТЦ АД Скопје,Unaudited financial statements 01.01. - 30.06.,30.07.2024 14:06:43,GTC
ГТЦ АД Скопје,Audited financial statements,05.07.2024 14:07:28,GTC
ГТЦ АД Скопје,Other decisions of the assembly,05.07.2024 14:06:57,GTC
ГТЦ АД Скопје,Distribution of profit,05.07.2024 14:04:25,GTC
Дебарски бањи - Цапа АД Дебар,Unaudited income statement 01.01. - 30.09.,30.10.2024 14:05:01,DEBCA
Дебарски бањи - Цапа АД Дебар,Other price sensitive information,30.07.2024 14:11:43,DEBCA
Дебарски бањи - Цапа АД Дебар,Unaudited financial statements 01.01. - 30.06.,30.07.2024 14:11:43,DEBCA
Димко Митрев АД Велес,Unaudited income statement 01.01. - 30.09.,01.11.2024 14:05:00,DIMKO
Димко Митрев АД Велес,Other price sensitive information,31.10.2024 14:06:00,DIMKO
Димко Митрев АД Велес,Unaudited income statement 01.01. - 30.09.,31.10.2024 14:06:00,DIMKO
Димко Митрев АД Велес,Other price sensitive information,29.07.2024 14:34:36,DIMKO
Димко Митрев АД Велес,Unaudited financial statements 01.01. - 30.06.,29.07.2024 14:34:33,DIMKO
ДС Смитх АД Скопје,Unaudited income statement 01.01. - 30.09.,28.10.2024 09:32:56,DSS
ДС Смитх АД Скопје,Changes in management bodies,15.10.2024 15:07:11,DSS
ДС Смитх АД Скопје,Other price sensitive information,17.09.2024 14:02:12,DSS
ДС Смитх АД Скопје,Unaudited financial statements 01.01. - 30.06.,10.09.2024 15:26:32,DSS
ДС Смитх АД Скопје,Unaudited income statement 01.01. - 31.03.,30.08.2024 14:48:08,DSS
ДС Смитх АД Скопје,Changes in management bodies,01.08.2024 14:23:10,DSS
Европа АД Скопје,Other price sensitive information,30.10.2024 09:30:00,EUROPA
Европа АД Скопје,Unaudited income statement 01.01. - 30.09.,30.10.2024 09:30:00,EUROPA
Европа АД Скопје,Other price sensitive information,31.07.2024 08:41:58,EUROPA
Европа АД Скопје,Unaudited financial statements 01.01. - 30.06.,31.07.2024 08:41:55,EUROPA
Европа АД Скопје,Changes in management bodies,11.07.2024 09:05:17,EUROPA
Европа АД Скопје,A big deal,05.07.2024 14:17:05,EUROPA
Европа АД Скопје,Other price sensitive information,05.07.2024 09:22:38,EUROPA
Европа АД Скопје,Other price sensitive information,05.07.2024 09:17:24,EUROPA
Европа АД Скопје,Audited financial statements,05.07.2024 09:08:14,EUROPA
Европа АД Скопје,Dividend Calendar,05.07.2024 08:46:30,EUROPA
ЖАС АД Скопје,Other price sensitive information,25.10.2024 14:05:01,ZHAS
ЖАС АД Скопје,Unaudited income statement 01.01. - 30.09.,25.10.2024 14:05:01,ZHAS
ЖАС АД Скопје,Other price sensitive information,23.07.2024 14:11:11,ZHAS
ЖАС АД Скопје,Unaudited financial statements 01.01. - 30.06.,23.07.2024 14:11:07,ZHAS
Жито Лукс АД Скопје,Other price sensitive information,30.10.2024 14:05:00,ZLUX
Жито Лукс АД Скопје,Unaudited income statement 01.01. - 30.09.,30.10.2024 14:05:00,ZLUX
Жито Лукс АД Скопје,Other price sensitive information,31.07.2024 15:36:40,ZLUX
Жито Лукс АД Скопје,Unaudited financial statements 01.01. - 30.06.,31.07.2024 15:36:36,ZLUX
ЗК Пелагонија АД Битола,Other price sensitive information,15.11.2024 14:10:00,ZKPEL
ЗК Пелагонија АД Битола,Unaudited income statement 01.01. - 30.09.,15.11.2024 14:10:00,ZKPEL
ЗК Пелагонија АД Битола,Other price sensitive information,31.10.2024 14:06:00,ZKPEL
ЗК Пелагонија АД Битола,Unaudited income statement 01.01. - 30.09.,31.10.2024 14:06:00,ZKPEL
ЗК Пелагонија АД Битола,Other price sensitive information,24.09.2024 09:42:52,ZKPEL
ЗК Пелагонија АД Битола,Other price sensitive information,15.08.2024 14:05:42,ZKPEL
ЗК Пелагонија АД Битола,Unaudited financial statements 01.01. - 30.06.,15.08.2024 14:05:42,ZKPEL
ЗК Пелагонија АД Битола,Other price sensitive information,31.07.2024 14:16:33,ZKPEL
ЗК Пелагонија АД Битола,Unaudited financial statements 01.01. - 30.06.,31.07.2024 14:16:33,ZKPEL
ЗК Пелагонија АД Битола,Other decisions of the assembly,30.07.2024 14:19:41,ZKPEL
Интернешнел Хотелс АД Скопје,Other price sensitive information,31.10.2024 09:52:40,INTHOT
Интернешнел Хотелс АД Скопје,Unaudited income statement 01.01. - 30.09.,31.10.2024 09:29:14,INTHOT
Интернешнел Хотелс АД Скопје,Other price sensitive information,31.07.2024 14:12:33,INTHOT
Интернешнел Хотелс АД Скопје,Unaudited financial statements 01.01. - 30.06.,31.07.2024 14:12:33,INTHOT
Интернешнел Хотелс АД Скопје,Other decisions of the assembly,01.07.2024 14:05:03,INTHOT
Интерпромет АД Тетово,Other price sensitive information,18.10.2024 14:06:35,INTERP
Интерпромет АД Тетово,Unaudited income statement 01.01. - 30.09.,18.10.2024 14:05:35,INTERP
Интерпромет АД Тетово,Other price sensitive information,26.07.2024 14:13:40,INTERP
Интерпромет АД Тетово,Unaudited financial statements 01.01. - 30.06.,26.07.2024 14:12:40,INTERP
Кланица со ладилник АД Струмица,Other price sensitive information,29.10.2024 14:11:00,KLANICA
Кланица со ладилник АД Струмица,Unaudited income statement 01.01. - 30.09.,29.10.2024 14:11:00,KLANICA
Кланица со ладилник АД Струмица,Other price sensitive information,24.07.2024 14:14:49,KLANICA
Кланица со ладилник АД Струмица,Unaudited financial statements 01.01. - 30.06.,24.07.2024 14:14:45,KLANICA
Комерцијална Банка АД Скопје,Other price sensitive information,30.10.2024 15:05:00,KMB
Комерцијална Банка АД Скопје,Other price sensitive information,30.10.2024 15:00:00,KMB
Комерцијална Банка АД Скопје,Unaudited income statement 01.01. - 30.09.,30.10.2024 15:00:00,KMB
Комерцијална Банка АД Скопје,Other price sensitive information,29.10.2024 14:05:00,KMB
Комерцијална Банка АД Скопје,Other price sensitive information,27.09.2024 14:32:52,KMB
Комерцијална Банка АД Скопје,Other price sensitive information,24.09.2024 15:24:27,KMB
Комерцијална Банка АД Скопје,Other price sensitive information,13.09.2024 14:01:42,KMB
Комерцијална Банка АД Скопје,Other price sensitive information,04.09.2024 15:45:50,KMB
Комерцијална Банка АД Скопје,Other price sensitive information,26.08.2024 15:00:14,KMB
Комерцијална Банка АД Скопје,Other price sensitive information,12.08.2024 09:00:34,KMB
Кристал 1923 АД Велес,Other price sensitive information,31.10.2024 14:18:55,KRISTAL
Кристал 1923 АД Велес,Unaudited income statement 01.01. - 30.09.,31.10.2024 14:18:50,KRISTAL
Кристал 1923 АД Велес,Other price sensitive information,08.10.2024 14:39:53,KRISTAL
Кристал 1923 АД Велес,Other price sensitive information,30.07.2024 14:14:43,KRISTAL
Кристал 1923 АД Велес,Unaudited financial statements 01.01. - 30.06.,30.07.2024 14:14:43,KRISTAL
Либерти АД Скопје,Other price sensitive information,18.10.2024 14:51:11,LIBERTY
Либерти АД Скопје,Unaudited income statement 01.01. - 30.09.,18.10.2024 14:51:08,LIBERTY
Либерти АД Скопје,Changes in management bodies,15.10.2024 09:40:22,LIBERTY
Либерти АД Скопје,Other price sensitive information,30.07.2024 14:10:43,LIBERTY
Либерти АД Скопје,Unaudited financial statements 01.01. - 30.06.,30.07.2024 14:10:43,LIBERTY
Лотарија на Македонија АД Скопје,Unaudited income statement 01.01. - 30.09.,31.10.2024 09:00:02,LOTMAC
Лотарија на Македонија АД Скопје,Unaudited income statement 01.01. - 30.09.,31.10.2024 09:00:01,LOTMAC
Лотарија на Македонија АД Скопје,Other price sensitive information,31.10.2024 09:00:01,LOTMAC
Лотарија на Македонија АД Скопје,Other price sensitive information,31.07.2024 09:30:30,LOTMAC
Лотарија на Македонија АД Скопје,Unaudited financial statements 01.01. - 30.06.,31.07.2024 09:30:30,LOTMAC
Лотарија на Македонија АД Скопје,Unaudited financial statements 01.01. - 30.06.,31.07.2024 09:30:30,LOTMAC
Македонија осигурување АД Скопје,Changes in management bodies,19.11.2024 14:34:55,MAKOS
Македонија осигурување АД Скопје,Other price sensitive information,01.11.2024 09:49:38,MAKOS
Македонија осигурување АД Скопје,Unaudited income statement 01.01. - 30.09.,31.10.2024 16:05:06,MAKOS
Македонија осигурување АД Скопје,Changes in management bodies,13.08.2024 14:05:02,MAKOS
Македонија осигурување АД Скопје,Other price sensitive information,31.07.2024 16:32:15,MAKOS
Македонија осигурување АД Скопје,Unaudited financial statements 01.01. - 30.06.,31.07.2024 16:32:13,MAKOS
Македонија осигурување АД Скопје,Changes in management bodies,09.07.2024 14:05:01,MAKOS
Македонија осигурување АД Скопје,Other decisions of the assembly,09.07.2024 14:05:01,MAKOS
Македонија осигурување АД Скопје,New emissions,04.07.2024 08:58:05,MAKOS
Македонија осигурување АД Скопје,Proposal - decisions for the Shareholders' Meeting,02.07.2024 14:05:59,MAKOS
Македонијатурист АД Скопје,Other price sensitive information,25.12.2024 15:35:15,MTT
Македонијатурист АД Скопје,Other price sensitive information,25.12.2024 15:27:30,MTT
Македонијатурист АД Скопје,Other price sensitive information,11.12.2024 15:13:02,MTT
Македонијатурист АД Скопје,Other price sensitive information,11.12.2024 15:12:34,MTT
Македонијатурист АД Скопје,Other price sensitive information,04.12.2024 14:35:28,MTT
Македонијатурист АД Скопје,Other price sensitive information,04.12.2024 14:35:05,MTT
Македонијатурист АД Скопје,Other price sensitive information,04.12.2024 14:34:39,MTT
Македонијатурист АД Скопје,Other price sensitive information,04.12.2024 14:34:11,MTT
Македонијатурист АД Скопје,Other price sensitive information,04.12.2024 14:33:33,MTT
Македонијатурист АД Скопје,Other price sensitive information,04.12.2024 14:33:06,MTT
Македонски Телеком АД Скопје,Unaudited income statement 01.01. - 30.09.,31.10.2024 09:05:00,MPT
Македонски Телеком АД Скопје,Other price sensitive information,31.10.2024 09:05:00,MPT
Македонски Телеком АД Скопје,Other price sensitive information,02.09.2024 14:06:02,MPT
Македонски Телеком АД Скопје,Stakeholder Deal,06.08.2024 09:33:08,MPT
Македонски Телеком АД Скопје,Other price sensitive information,31.07.2024 09:21:29,MPT
Македонски Телеком АД Скопје,Unaudited financial statements 01.01. - 30.06.,31.07.2024 09:21:27,MPT
Макотекс АД Скопје,Unaudited income statement 01.01. - 30.09.,30.10.2024 14:05:01,MAKOT
Макотекс АД Скопје,Other price sensitive information,31.07.2024 14:21:33,MAKOT
Макотекс АД Скопје,Unaudited financial statements 01.01. - 30.06.,31.07.2024 14:21:33,MAKOT
Макошпед АД Скопје,Unaudited income statement 01.01. - 30.09.,28.10.2024 15:01:00,MAKSP
Макошпед АД Скопје,Unaudited income statement 01.01. - 30.09.,28.10.2024 15:01:00,MAKSP
Макошпед АД Скопје,Other price sensitive information,28.10.2024 15:01:00,MAKSP
Макошпед АД Скопје,Unaudited financial statements 01.01. - 30.06.,01.08.2024 14:10:48,MAKSP
Макошпед АД Скопје,Unaudited financial statements 01.01. - 30.06.,01.08.2024 14:10:48,MAKSP
Макошпед АД Скопје,Other price sensitive information,01.08.2024 14:10:48,MAKSP
Макпетрол АД Скопје,Other price sensitive information,27.12.2024 14:05:00,MPT
Макпетрол АД Скопје,Other price sensitive information,27.12.2024 09:40:00,MPT
Макпетрол АД Скопје,Other price sensitive information,11.12.2024 14:20:00,MPT
Макпетрол АД Скопје,Unaudited income statement 01.01. - 30.09.,11.11.2024 14:15:36,MPT
Макпетрол АД Скопје,Unaudited income statement 01.01. - 30.09.,30.10.2024 14:15:00,MPT
Макпетрол АД Скопје,Other price sensitive information,27.08.2024 09:04:14,MPT
Макпетрол АД Скопје,Other price sensitive information,14.08.2024 14:15:10,MPT
Макпетрол АД Скопје,Unaudited financial statements 01.01. - 30.06.,14.08.2024 14:15:06,MPT
Макпетрол АД Скопје,Other price sensitive information,31.07.2024 08:46:10,MPT
Макпетрол АД Скопје,Unaudited financial statements 01.01. - 30.06.,31.07.2024 08:46:07,MPT
Макпромет АД Штип,Other price sensitive information,15.11.2024 14:05:00,MAKPR
Макпромет АД Штип,Unaudited income statement 01.01. - 30.09.,15.11.2024 14:05:00,MAKPR
Макпромет АД Штип,Other price sensitive information,30.10.2024 14:48:14,MAKPR
Макпромет АД Штип,Unaudited income statement 01.01. - 30.09.,30.10.2024 14:47:41,MAKPR
Макпромет АД Штип,Other price sensitive information,15.08.2024 14:56:30,MAKPR
Макпромет АД Штип,Unaudited financial statements 01.01. - 30.06.,15.08.2024 14:56:27,MAKPR
Макпромет АД Штип,Other price sensitive information,26.07.2024 14:18:41,MAKPR
Макпромет АД Штип,Unaudited financial statements 01.01. - 30.06.,26.07.2024 14:17:41,MAKPR
Макстил АД Скопје,Other price sensitive information,22.11.2024 14:05:00,MAKS
Макстил АД Скопје,Other price sensitive information,21.11.2024 16:00:52,MAKS
Макстил АД Скопје,Other price sensitive information,20.11.2024 09:08:15,MAKS
Макстил АД Скопје,Other price sensitive information,18.11.2024 08:59:33,MAKS
Макстил АД Скопје,Other price sensitive information,11.11.2024 15:29:05,MAKS
Макстил АД Скопје,Other price sensitive information,07.11.2024 14:06:00,MAKS
Макстил АД Скопје,Other price sensitive information,31.10.2024 15:37:55,MAKS
Макстил АД Скопје,Unaudited income statement 01.01. - 30.09.,31.10.2024 15:36:45,MAKS
Макстил АД Скопје,Other price sensitive information,29.10.2024 09:42:33,MAKS
Макстил АД Скопје,Other price sensitive information,26.09.2024 14:39:14,MAKS
Мермерен комбинат АД Прилеп,Unaudited income statement 01.01. - 30.09.,31.10.2024 15:55:00,MERMER
Мермерен комбинат АД Прилеп,Other price sensitive information,31.07.2024 15:55:34,MERMER
Мермерен комбинат АД Прилеп,Unaudited financial statements 01.01. - 30.06.,31.07.2024 15:55:34,MERMER
МЗТ Пумпи АД Скопје,Unaudited income statement 01.01. - 30.09.,30.10.2024 09:25:02,MZTP
МЗТ Пумпи АД Скопје,Other price sensitive information,31.07.2024 14:11:33,MZTP
МЗТ Пумпи АД Скопје,Unaudited financial statements 01.01. - 30.06.,31.07.2024 14:11:33,MZTP
Мода АД Свети Николе,Other price sensitive information,25.12.2024 14:05:00,MODA
Мода АД Свети Николе,Unaudited income statement 01.01. - 30.09.,25.10.2024 14:05:00,MODA
Мода АД Свети Николе,Other price sensitive information,23.07.2024 14:05:16,MODA
Мода АД Свети Николе,Unaudited financial statements 01.01. - 30.06.,23.07.2024 14:05:16,MODA
Неметали Огражден АД Струмица,Other price sensitive information,15.11.2024 14:05:00,NEMET
Неметали Огражден АД Струмица,Unaudited income statement 01.01. - 30.09.,15.11.2024 14:05:00,NEMET
Неметали Огражден АД Струмица,Other price sensitive information,30.10.2024 09:12:37,NEMET
Неметали Огражден АД Струмица,Unaudited income statement 01.01. - 30.09.,30.10.2024 09:10:13,NEMET
Неметали Огражден АД Струмица,Other price sensitive information,14.08.2024 14:17:29,NEMET
Неметали Огражден АД Струмица,Unaudited financial statements 01.01. - 30.06.,14.08.2024 14:17:25,NEMET
Неметали Огражден АД Струмица,Other price sensitive information,31.07.2024 14:08:33,NEMET
Неметали Огражден АД Струмица,Unaudited financial statements 01.01. - 30.06.,31.07.2024 14:08:33,NEMET
Неметали Огражден АД Струмица,Other decisions of the assembly,26.07.2024 14:05:40,NEMET
НЛБ Банка АД Скопје,Other decisions of the assembly,29.11.2024 14:03:48,NLB
НЛБ Банка АД Скопје,Proposal - decisions for the Shareholders' Meeting,28.10.2024 14:40:55,NLB
НЛБ Банка АД Скопје,Public call for assembly,28.10.2024 14:40:25,NLB
НЛБ Банка АД Скопје,Other price sensitive information,25.10.2024 15:43:48,NLB
НЛБ Банка АД Скопје,Unaudited income statement 01.01. - 30.09.,25.10.2024 15:43:40,NLB
НЛБ Банка АД Скопје,Other price sensitive information,18.10.2024 14:10:35,NLB
НЛБ Банка АД Скопје,Changes in management bodies,14.10.2024 15:45:15,NLB
НЛБ Банка АД Скопје,Other decisions of the assembly,05.09.2024 14:06:32,NLB
НЛБ Банка АД Скопје,Changes in management bodies,03.09.2024 14:38:23,NLB
НЛБ Банка АД Скопје,Other price sensitive information,22.08.2024 15:16:10,NLB
Нова стоковна куќа АД Струмица,Other price sensitive information,26.12.2024 14:06:00,NSK
Нова стоковна куќа АД Струмица,Other decisions of the assembly,20.12.2024 09:18:54,NSK
Нова стоковна куќа АД Струмица,Proposal - decisions for the Shareholders' Meeting,19.11.2024 14:34:39,NSK
Нова стоковна куќа АД Струмица,Proposal - decisions for the Shareholders' Meeting,18.11.2024 15:12:00,NSK
Нова стоковна куќа АД Струмица,Public call for assembly,18.11.2024 15:11:53,NSK
Нова стоковна куќа АД Струмица,Other price sensitive information,31.10.2024 14:06:00,NSK
Нова стоковна куќа АД Струмица,Unaudited income statement 01.01. - 30.09.,31.10.2024 14:06:00,NSK
Нова стоковна куќа АД Струмица,Other price sensitive information,18.10.2024 14:07:35,NSK
Нова стоковна куќа АД Струмица,Other decisions of the assembly,18.10.2024 09:33:55,NSK
Нова стоковна куќа АД Струмица,Changes in management bodies,03.10.2024 14:10:16,NSK
ОИЛКО КДА Скопје,Other price sensitive information,20.12.2024 09:28:21,OILKO
ОИЛКО КДА Скопје,Unaudited income statement 01.01. - 30.09.,30.10.2024 14:10:00,OILKO
ОИЛКО КДА Скопје,Other price sensitive information,29.08.2024 08:30:15,OILKO
ОИЛКО КДА Скопје,Other price sensitive information,31.07.2024 14:09:33,OILKO
ОИЛКО КДА Скопје,Unaudited financial statements 01.01. - 30.06.,31.07.2024 14:09:33,OILKO
ОКТА АД Скопје,Other price sensitive information,31.10.2024 14:30:00,OKTA
ОКТА АД Скопје,Unaudited income statement 01.01. - 30.09.,31.10.2024 14:30:00,OKTA
ОКТА АД Скопје,Other price sensitive information,28.10.2024 14:30:00,OKTA
ОКТА АД Скопје,Other price sensitive information,25.10.2024 14:30:00,OKTA
ОКТА АД Скопје,Other price sensitive information,24.10.2024 14:30:00,OKTA
ОКТА АД Скопје,Other price sensitive information,22.10.2024 14:30:00,OKTA
ОКТА АД Скопје,Other price sensitive information,21.10.2024 14:30:00,OKTA
ОКТА АД Скопје,Other price sensitive information,18.10.2024 14:30:35,OKTA
ОКТА АД Скопје,Other price sensitive information,04.10.2024 14:30:43,OKTA
ОКТА АД Скопје,Other price sensitive information,03.10.2024 14:30:16,OKTA
Оранжерии Хамзали АД Струмица,Other price sensitive information,16.10.2024 14:05:51,ORANZH
Оранжерии Хамзали АД Струмица,Unaudited income statement 01.01. - 30.09.,16.10.2024 14:05:51,ORANZH
Оранжерии Хамзали АД Струмица,Unaudited financial statements 01.01. - 30.06.,22.07.2024 14:05:52,ORANZH
Патнички сообраќај - Транскоп АД Битола,Other price sensitive information,31.10.2024 15:46:45,TRANSP
Патнички сообраќај - Транскоп АД Битола,Unaudited income statement 01.01. - 30.09.,31.10.2024 15:46:21,TRANSP
Патнички сообраќај - Транскоп АД Битола,Other price sensitive information,31.07.2024 15:29:17,TRANSP
Патнички сообраќај - Транскоп АД Битола,Unaudited financial statements 01.01. - 30.06.,31.07.2024 15:29:15,TRANSP
"Пекабеско АД Кадино, Илинден",Other price sensitive information,20.12.2024 15:00:00,PEKAB
"Пекабеско АД Кадино, Илинден",Proposal - decisions for the Shareholders' Meeting,29.11.2024 09:30:00,PEKAB
"Пекабеско АД Кадино, Илинден",Public call for assembly,29.11.2024 09:30:00,PEKAB
"Пекабеско АД Кадино, Илинден",Other price sensitive information,11.11.2024 14:30:00,PEKAB
"Пекабеско АД Кадино, Илинден",Unaudited income statement 01.01. - 30.09.,11.11.2024 14:30:00,PEKAB
"Пекабеско АД Кадино, Илинден",Other price sensitive information,31.10.2024 14:06:01,PEKAB
"Пекабеско АД Кадино, Илинден",Unaudited income statement 01.01. - 30.09.,31.10.2024 14:06:00,PEKAB
"Пекабеско АД Кадино, Илинден",Other price sensitive information,16.10.2024 14:05:51,PEKAB
"Пекабеско АД Кадино, Илинден",Other price sensitive information,13.09.2024 14:54:00,PEKAB
"Пекабеско АД Кадино, Илинден",Other price sensitive information,07.08.2024 14:11:44,PEKAB
Пелистерка АД Скопје,Unaudited income statement 01.01. - 30.09.,15.11.2024 15:56:29,PELISTER
Пелистерка АД Скопје,Audited financial statements,31.10.2024 15:52:50,PELISTER
Пелистерка АД Скопје,Unaudited income statement 01.01. - 30.09.,31.10.2024 15:47:18,PELISTER
Пелистерка АД Скопје,Audited financial statements,31.10.2024 14:54:41,PELISTER
Пелистерка АД Скопје,Other price sensitive information,15.08.2024 15:27:02,PELISTER
Пелистерка АД Скопје,Unaudited financial statements 01.01. - 30.06.,15.08.2024 15:18:26,PELISTER
Пелистерка АД Скопје,Audited financial statements,31.07.2024 15:15:26,PELISTER
Пелистерка АД Скопје,Other price sensitive information,31.07.2024 15:07:16,PELISTER
Пелистерка АД Скопје,Unaudited financial statements 01.01. - 30.06.,31.07.2024 15:07:14,PELISTER
Пелистерка АД Скопје,Distribution of profit,30.07.2024 14:08:43,PELISTER
Попова кула АД Демир Капија,Other price sensitive information,31.10.2024 14:17:45,POPOVA
Попова кула АД Демир Капија,Unaudited income statement 01.01. - 30.09.,31.10.2024 14:17:39,POPOVA
Попова кула АД Демир Капија,Other price sensitive information,25.07.2024 14:56:04,POPOVA
Попова кула АД Демир Капија,Unaudited financial statements 01.01. - 30.06.,25.07.2024 14:56:00,POPOVA
Прилепска пиварница АД Прилеп,Purchase/sale of own shares,19.12.2024 14:05:00,PRIPIV
Прилепска пиварница АД Прилеп,Purchase/sale of own shares,06.12.2024 14:05:00,PRIPIV
Прилепска пиварница АД Прилеп,Purchase/sale of own shares,27.11.2024 14:06:00,PRIPIV
Прилепска пиварница АД Прилеп,Purchase/sale of own shares,25.11.2024 14:05:00,PRIPIV
Прилепска пиварница АД Прилеп,Unaudited income statement 01.01. - 30.09.,25.10.2024 14:05:00,PRIPIV
Прилепска пиварница АД Прилеп,Purchase/sale of own shares,15.10.2024 14:05:59,PRIPIV
Прилепска пиварница АД Прилеп,Purchase/sale of own shares,18.09.2024 14:00:04,PRIPIV
Прилепска пиварница АД Прилеп,Purchase/sale of own shares,02.09.2024 14:06:15,PRIPIV
Прилепска пиварница АД Прилеп,Other price sensitive information,31.07.2024 14:17:33,PRIPIV
Прилепска пиварница АД Прилеп,Unaudited financial statements 01.01. - 30.06.,31.07.2024 14:17:33,PRIPIV
Раде Кончар - Апаратна техника АД Скопје,Other price sensitive information,18.12.2024 08:39:40,RADE
Раде Кончар - Апаратна техника АД Скопје,Proposal - decisions for the Shareholders' Meeting,15.11.2024 09:30:25,RADE
Раде Кончар - Апаратна техника АД Скопје,Public call for assembly,15.11.2024 09:30:21,RADE
Раде Кончар - Апаратна техника АД Скопје,Other price sensitive information,29.10.2024 14:05:00,RADE
Раде Кончар - Апаратна техника АД Скопје,Unaudited income statement 01.01. - 30.09.,29.10.2024 14:05:00,RADE
Раде Кончар - Апаратна техника АД Скопје,Other price sensitive information,29.07.2024 14:09:21,RADE
Раде Кончар - Апаратна техника АД Скопје,Changes in management bodies,29.07.2024 14:09:21,RADE
Раде Кончар - Апаратна техника АД Скопје,Other price sensitive information,29.07.2024 09:33:08,RADE
Раде Кончар - Апаратна техника АД Скопје,Unaudited financial statements 01.01. - 30.06.,29.07.2024 09:33:03,RADE
Раде Кончар - Апаратна техника АД Скопје,Other decisions of the assembly,24.07.2024 14:05:52,RADE
Реплек АД Скопје,Other price sensitive information,24.12.2024 14:05:00,REPL
Реплек АД Скопје,Other price sensitive information,19.12.2024 15:06:22,REPL
Реплек АД Скопје,Other price sensitive information,16.12.2024 15:26:16,REPL
Реплек АД Скопје,Other price sensitive information,16.12.2024 15:25:31,REPL
Реплек АД Скопје,Other price sensitive information,11.12.2024 14:16:29,REPL
Реплек АД Скопје,Other price sensitive information,03.12.2024 15:12:53,REPL
Реплек АД Скопје,Other price sensitive information,26.11.2024 14:05:00,REPL
Реплек АД Скопје,Other price sensitive information,19.11.2024 14:35:10,REPL
Реплек АД Скопје,Other price sensitive information,12.11.2024 15:48:07,REPL
Реплек АД Скопје,Other price sensitive information,06.11.2024 14:06:00,REPL
РЖ Економика АД Скопје,Unaudited income statement 01.01. - 30.09.,29.10.2024 08:51:56,RZECO
РЖ Економика АД Скопје,Other price sensitive information,26.07.2024 14:21:41,RZECO
РЖ Економика АД Скопје,Unaudited financial statements 01.01. - 30.06.,26.07.2024 14:21:41,RZECO
РЖ Интер-Трансшпед АД Скопје,Other price sensitive information,18.11.2024 14:05:00,RZINTER
РЖ Интер-Трансшпед АД Скопје,Unaudited income statement 01.01. - 30.09.,30.10.2024 08:34:04,RZINTER
РЖ Интер-Трансшпед АД Скопје,Other price sensitive information,29.07.2024 14:05:21,RZINTER
РЖ Интер-Трансшпед АД Скопје,Unaudited financial statements 01.01. - 30.06.,29.07.2024 14:05:21,RZINTER
РЖ Интер-Трансшпед АД Скопје,Stakeholder Deal,05.07.2024 14:54:13,RZINTER
РЖ Техничка контрола АД Скопје,Unaudited income statement 01.01. - 30.09.,31.10.2024 08:42:05,RZTECH
РЖ Техничка контрола АД Скопје,Other price sensitive information,30.07.2024 09:50:05,RZTECH
РЖ Техничка контрола АД Скопје,Unaudited financial statements 01.01. - 30.06.,30.07.2024 09:50:03,RZTECH
Рудници Бањани АД Скопје,Unaudited income statement 01.01. - 30.09.,30.10.2024 14:10:00,RUDNIK
Рудници Бањани АД Скопје,Other price sensitive information,29.07.2024 14:06:21,RUDNIK
Рудници Бањани АД Скопје,Unaudited financial statements 01.01. - 30.06.,29.07.2024 14:06:21,RUDNIK
Сигурносно стакло АД Прилеп,Unaudited income statement 01.01. - 30.09.,28.10.2024 14:05:00,SIGST
Сигурносно стакло АД Прилеп,Other price sensitive information,30.07.2024 14:12:43,SIGST
Сигурносно стакло АД Прилеп,Unaudited financial statements 01.01. - 30.06.,30.07.2024 14:12:43,SIGST
Силекс АД Кратово,Other price sensitive information,25.12.2024 15:02:37,SILEX
Силекс АД Кратово,Unaudited income statement 01.01. - 30.09.,12.11.2024 14:05:00,SILEX
Силекс АД Кратово,Unaudited income statement 01.01. - 30.09.,30.10.2024 14:05:01,SILEX
Силекс АД Кратово,Other price sensitive information,14.08.2024 14:05:29,SILEX
Силекс АД Кратово,Unaudited financial statements 01.01. - 30.06.,14.08.2024 14:05:29,SILEX
Силекс АД Кратово,Distribution of profit,13.08.2024 14:05:02,SILEX
Силекс АД Кратово,Other decisions of the assembly,13.08.2024 09:39:10,SILEX
Силекс АД Кратово,Other price sensitive information,24.07.2024 14:06:52,SILEX
Силекс АД Кратово,Unaudited financial statements 01.01. - 30.06.,24.07.2024 14:06:52,SILEX
Силекс АД Кратово,Other price sensitive information,12.07.2024 14:05:25,SILEX
Скопски Пазар АД Скопје,Other price sensitive information,24.10.2024 14:15:00,SKOPP
Скопски Пазар АД Скопје,Unaudited income statement 01.01. - 30.09.,24.10.2024 14:15:00,SKOPP
Скопски Пазар АД Скопје,Stakeholder Deal,03.09.2024 14:05:09,SKOPP
Скопски Пазар АД Скопје,Proposal - decisions for the Shareholders' Meeting,01.08.2024 09:25:45,SKOPP
Скопски Пазар АД Скопје,Public call for assembly,01.08.2024 09:25:45,SKOPP
Скопски Пазар АД Скопје,Other price sensitive information,29.07.2024 14:07:21,SKOPP
Скопски Пазар АД Скопје,Unaudited financial statements 01.01. - 30.06.,29.07.2024 14:07:21,SKOPP
Славеј АД Скопје,Other price sensitive information,31.10.2024 14:19:55,SLAVEJ
Славеј АД Скопје,Unaudited income statement 01.01. - 30.09.,31.10.2024 14:19:51,SLAVEJ
Славеј АД Скопје,Other price sensitive information,30.10.2024 14:10:00,SLAVEJ
Славеј АД Скопје,Other price sensitive information,31.07.2024 08:42:57,SLAVEJ
Славеј АД Скопје,Unaudited financial statements 01.01. - 30.06.,31.07.2024 08:42:54,SLAVEJ
Славеј АД Скопје,Other price sensitive information,30.07.2024 14:16:43,SLAVEJ
СН Осигурителен Брокер АД Битола,Other price sensitive information,01.11.2024 14:05:01,SNOS
СН Осигурителен Брокер АД Битола,Unaudited income statement 01.01. - 30.09.,01.11.2024 14:05:01,SNOS
СН Осигурителен Брокер АД Битола,Other price sensitive information,01.11.2024 09:06:58,SNOS
СН Осигурителен Брокер АД Битола,Unaudited income statement 01.01. - 30.09.,01.11.2024 09:06:54,SNOS
СН Осигурителен Брокер АД Битола,Other price sensitive information,31.07.2024 16:25:56,SNOS
СН Осигурителен Брокер АД Битола,Unaudited financial statements 01.01. - 30.06.,31.07.2024 16:15:11,SNOS
СН Осигурителен Брокер АД Битола,Other decisions of the assembly,02.07.2024 14:05:58,SNOS
Современ дом АД Прилеп,Other decisions of the assembly,15.11.2024 15:51:10,SOVDOM
Современ дом АД Прилеп,Other price sensitive information,24.10.2024 14:10:00,SOVDOM
Современ дом АД Прилеп,Unaudited income statement 01.01. - 30.09.,24.10.2024 14:10:00,SOVDOM
Современ дом АД Прилеп,Proposal - decisions for the Shareholders' Meeting,15.10.2024 14:30:59,SOVDOM
Современ дом АД Прилеп,Public call for assembly,15.10.2024 14:30:59,SOVDOM
Современ дом АД Прилеп,Other price sensitive information,29.07.2024 14:30:21,SOVDOM
Современ дом АД Прилеп,Unaudited financial statements 01.01. - 30.06.,29.07.2024 14:30:21,SOVDOM
Стопанска банка АД Битола,Other price sensitive information,25.10.2024 14:56:39,STBBIT
Стопанска банка АД Битола,Unaudited income statement 01.01. - 30.09.,25.10.2024 14:56:35,STBBIT
Стопанска банка АД Битола,Changes in management bodies,15.10.2024 09:00:56,STBBIT
Стопанска банка АД Битола,Other price sensitive information,30.09.2024 16:02:17,STBBIT
Стопанска банка АД Битола,Changes in management bodies,30.09.2024 15:53:06,STBBIT
Стопанска банка АД Битола,Other price sensitive information,27.09.2024 14:31:45,STBBIT
Стопанска банка АД Битола,Other price sensitive information,13.09.2024 15:41:08,STBBIT
Стопанска банка АД Битола,Other price sensitive information,04.09.2024 09:10:36,STBBIT
Стопанска банка АД Битола,Other price sensitive information,26.08.2024 14:22:07,STBBIT
Стопанска банка АД Битола,Other price sensitive information,01.08.2024 15:01:13,STBBIT
Стопанска банка АД Скопје,Other price sensitive information,30.10.2024 09:05:50,STBSKP
Стопанска банка АД Скопје,Unaudited income statement 01.01. - 30.09.,30.10.2024 09:05:07,STBSKP
Стопанска банка АД Скопје,Changes in management bodies,08.08.2024 15:30:48,STBSKP
Стопанска банка АД Скопје,Other price sensitive information,31.07.2024 14:23:33,STBSKP
Стопанска банка АД Скопје,Unaudited financial statements 01.01. - 30.06.,31.07.2024 14:23:33,STBSKP
Стопанска банка АД Скопје,Unaudited financial statements 01.01. - 30.06.,31.07.2024 14:23:33,STBSKP
Стопанска банка АД Скопје,Changes in management bodies,25.07.2024 14:24:46,STBSKP
Стопанска банка АД Скопје,Other decisions of the assembly,16.07.2024 15:10:41,STBSKP
Стопанска банка АД Скопје,Changes in management bodies,16.07.2024 15:10:23,STBSKP
Струмичко поле АД с. Василево,Non-audited profit&loss account 01.01. - 30.09.,18.10.2024 16:06:00,STRPOL
Струмичко поле АД с. Василево,Non-audited profit&loss account 01.01. - 30.09.,18.10.2024 09:43:08,STRPOL
Струмичко поле АД с. Василево,Unaudited income statement 01.01. - 30.09.,18.10.2024 09:43:01,STRPOL
Струмичко поле АД с. Василево,Other price sensitive information,31.07.2024 08:58:36,STRPOL
Струмичко поле АД с. Василево,Non-audited financial statements 01.01. - 30.06.,31.07.2024 08:58:36,STRPOL
Струмичко поле АД с. Василево,Other price sensitive information,31.07.2024 08:58:31,STRPOL
Струмичко поле АД с. Василево,Unaudited financial statements 01.01. - 30.06.,31.07.2024 08:58:28,STRPOL
ТЕАЛ АД Тетово,Unaudited income statement 01.01. - 30.09.,31.10.2024 14:06:00,TEAL
ТЕАЛ АД Тетово,Other price sensitive information,30.07.2024 09:30:33,TEAL
ТЕАЛ АД Тетово,Unaudited financial statements 01.01. - 30.06.,30.07.2024 09:30:31,TEAL
Технокомерц АД Скопје,Other price sensitive information,11.11.2024 14:05:01,TEHNO
Технокомерц АД Скопје,Unaudited income statement 01.01. - 30.09.,11.11.2024 14:05:00,TEHNO
Технокомерц АД Скопје,Other price sensitive information,28.10.2024 14:05:00,TEHNO
Технокомерц АД Скопје,Unaudited income statement 01.01. - 30.09.,28.10.2024 14:05:00,TEHNO
Технокомерц АД Скопје,Unaudited financial statements 01.01. - 30.06.,30.07.2024 14:13:43,TEHNO
Технокомерц АД Скопје,Other price sensitive information,30.07.2024 14:13:43,TEHNO
Трготекстил малопродажба АД Скопје,Other price sensitive information,31.10.2024 09:23:35,TRGOT
Трготекстил малопродажба АД Скопје,Unaudited income statement 01.01. - 30.09.,31.10.2024 09:23:31,TRGOT
Трготекстил малопродажба АД Скопје,Other price sensitive information,31.07.2024 08:44:01,TRGOT
Трготекстил малопродажба АД Скопје,Unaudited financial statements 01.01. - 30.06.,31.07.2024 08:43:56,TRGOT
ТТК Банка АД Скопје,Proposal - decisions for the Shareholders' Meeting,27.12.2024 14:05:00,TTK
ТТК Банка АД Скопје,Changes in management bodies,25.12.2024 15:42:03,TTK
ТТК Банка АД Скопје,Other price sensitive information,18.12.2024 14:05:00,TTK
ТТК Банка АД Скопје,Other price sensitive information,12.12.2024 14:09:27,TTK
ТТК Банка АД Скопје,Proposal - decisions for the Shareholders' Meeting,12.12.2024 14:05:00,TTK
ТТК Банка АД Скопје,Public call for assembly,12.12.2024 14:05:00,TTK
ТТК Банка АД Скопје,Other decisions of the assembly,05.11.2024 14:05:00,TTK
ТТК Банка АД Скопје,Unaudited income statement 01.01. - 30.09.,31.10.2024 15:15:00,TTK
ТТК Банка АД Скопје,Other price sensitive information,31.10.2024 15:15:00,TTK
ТТК Банка АД Скопје,Proposal - decisions for the Shareholders' Meeting,08.10.2024 14:08:11,TTK
Уготур АД Скопје,Other price sensitive information,31.10.2024 09:00:03,UGOTUR
Уготур АД Скопје,Unaudited income statement 01.01. - 30.09.,31.10.2024 09:00:02,UGOTUR
Уготур АД Скопје,Other price sensitive information,31.07.2024 14:22:33,UGOTUR
Уготур АД Скопје,Unaudited financial statements 01.01. - 30.06.,31.07.2024 14:22:33,UGOTUR
УНИ Банка АД Скопје,Changes in management bodies,27.12.2024 09:14:53,UNI
УНИ Банка АД Скопје,Other price sensitive information,30.10.2024 14:15:01,UNI
УНИ Банка АД Скопје,Unaudited income statement 01.01. - 30.09.,30.10.2024 14:15:00,UNI
УНИ Банка АД Скопје,Other price sensitive information,24.10.2024 15:16:15,UNI
УНИ Банка АД Скопје,Other price sensitive information,16.10.2024 08:47:14,UNI
УНИ Банка АД Скопје,Other price sensitive information,30.08.2024 15:22:32,UNI
УНИ Банка АД Скопје,Other price sensitive information,20.08.2024 15:31:21,UNI
УНИ Банка АД Скопје,Other price sensitive information,24.07.2024 15:47:14,UNI
УНИ Банка АД Скопје,Unaudited financial statements 01.01. - 30.06.,24.07.2024 15:47:10,UNI
Фабрика Карпош АД Скопје,Unaudited income statement 01.01. - 30.09.,01.11.2024 15:15:14,FAKM
Фабрика Карпош АД Скопје,Unaudited income statement 01.01. - 30.09.,01.11.2024 08:28:43,FAKM
Фабрика Карпош АД Скопје,Unaudited financial statements 01.01. - 30.06.,01.08.2024 14:14:48,FAKM
Фабрика Карпош АД Скопје,Other price sensitive information,01.08.2024 14:14:48,FAKM
Факом АД Скопје,Other price sensitive information,25.12.2024 15:13:47,FAKM
Факом АД Скопје,Unaudited income statement 01.01. - 30.09.,04.11.2024 08:44:34,FAKM
Факом АД Скопје,Unaudited income statement 01.01. - 30.09.,04.11.2024 08:44:29,FAKM
Факом АД Скопје,Other price sensitive information,19.09.2024 08:42:27,FAKM
Факом АД Скопје,Other price sensitive information,16.08.2024 14:00:13,FAKM
Факом АД Скопје,Unaudited financial statements 01.01. - 30.06.,15.08.2024 16:04:56,FAKM
Факом АД Скопје,Other price sensitive information,01.08.2024 15:52:33,FAKM
Факом АД Скопје,Unaudited financial statements 01.01. - 30.06.,01.08.2024 14:15:48,FAKM
Фершпед АД Скопје,Other price sensitive information,15.11.2024 15:00:00,FUBT
Фершпед АД Скопје,Unaudited income statement 01.01. - 30.09.,15.11.2024 15:00:00,FUBT
Фершпед АД Скопје,Unaudited income statement 01.01. - 30.09.,31.10.2024 15:01:00,FUBT
Фершпед АД Скопје,Other price sensitive information,31.10.2024 15:01:00,FUBT
Фершпед АД Скопје,Other price sensitive information,15.08.2024 15:00:43,FUBT
Фершпед АД Скопје,Unaudited financial statements 01.01. - 30.06.,15.08.2024 15:00:43,FUBT
Фершпед АД Скопје,Other price sensitive information,31.07.2024 15:01:33,FUBT
Фершпед АД Скопје,Unaudited financial statements 01.01. - 30.06.,31.07.2024 15:01:33,FUBT
Фершпед АД Скопје,Other price sensitive information,05.07.2024 15:45:07,FUBT
Фруктал Мак АД Скопје,Stakeholder Deal,20.12.2024 14:36:02,FRUMK
Фруктал Мак АД Скопје,Proposal - decisions for the Shareholders' Meeting,20.11.2024 14:05:00,FRUMK
Фруктал Мак АД Скопје,Proposal - decisions for the Shareholders' Meeting,18.11.2024 08:46:51,FRUMK
Фруктал Мак АД Скопје,Proposal - decisions for the Shareholders' Meeting,18.11.2024 08:43:03,FRUMK
Фруктал Мак АД Скопје,Public call for assembly,18.11.2024 08:42:58,FRUMK
Фруктал Мак АД Скопје,Unaudited income statement 01.01. - 30.09.,30.10.2024 14:15:00,FRUMK
Фруктал Мак АД Скопје,Other price sensitive information,30.07.2024 14:17:43,FRUMK
Фруктал Мак АД Скопје,Unaudited financial statements 01.01. - 30.06.,30.07.2024 14:17:43,FRUMK
Фустеларко Борец АД Битола,Other price sensitive information,29.10.2024 08:54:46,FUSBOR
Фустеларко Борец АД Битола,Unaudited income statement 01.01. - 30.09.,29.10.2024 08:54:40,FUSBOR
Фустеларко Борец АД Битола,Other price sensitive information,29.07.2024 14:08:21,FUSBOR
Фустеларко Борец АД Битола,Unaudited financial statements 01.01. - 30.06.,29.07.2024 14:08:21,FUSBOR
Хотели-Метропол АД Охрид,Other price sensitive information,31.10.2024 09:00:02,METRO
Хотели-Метропол АД Охрид,Unaudited income statement 01.01. - 30.09.,31.10.2024 09:00:02,METRO
Хотели-Метропол АД Охрид,Other price sensitive information,31.07.2024 15:00:33,METRO
Хотели-Метропол АД Охрид,Unaudited financial statements 01.01. - 30.06.,31.07.2024 15:00:33,METRO
Цементарница УСЈЕ АД Скопје,Distribution of profit,12.12.2024 08:35:36,USJE
Цементарница УСЈЕ АД Скопје,Other price sensitive information,31.10.2024 08:35:40,USJE
Цементарница УСЈЕ АД Скопје,Unaudited income statement 01.01. - 30.09.,31.10.2024 08:35:34,USJE
Цементарница УСЈЕ АД Скопје,Other price sensitive information,31.07.2024 08:44:59,USJE
Цементарница УСЈЕ АД Скопје,Unaudited financial statements 01.01. - 30.06.,31.07.2024 08:44:56,USJE
Централна кооперативна банка АД Скопје,Proposal - decisions for the Shareholders' Meeting,25.12.2024 08:50:20,CKB
Централна кооперативна банка АД Скопје,Public call for assembly,25.12.2024 08:50:15,CKB
Централна кооперативна банка АД Скопје,Other price sensitive information,29.11.2024 14:04:32,CKB
Централна кооперативна банка АД Скопје,Other decisions of the assembly,19.11.2024 14:36:26,CKB
Централна кооперативна банка АД Скопје,Changes in management bodies,19.11.2024 14:36:16,CKB
Централна кооперативна банка АД Скопје,Proposal - decisions for the Shareholders' Meeting,11.11.2024 08:52:24,CKB
Централна кооперативна банка АД Скопје,Other price sensitive information,31.10.2024 14:06:00,CKB
Централна кооперативна банка АД Скопје,Unaudited income statement 01.01. - 30.09.,30.10.2024 08:00:00,CKB
Централна кооперативна банка АД Скопје,Proposal - decisions for the Shareholders' Meeting,17.10.2024 08:37:47,CKB
Централна кооперативна банка АД Скопје,Public call for assembly,17.10.2024 08:37:41,CKB
