Company,Title,Date,Name
Макпетрол АД Скопје,Other price sensitive information,2024-12-27,MPT
ТТК Банка АД Скопје,Proposal - decisions for the Shareholders' Meeting,2024-12-27,TTK
Макпетрол АД Скопје,Other price sensitive information,2024-12-27,MPT
УНИ Банка АД Скопје,Changes in management bodies,2024-12-27,UNI
Нова стоковна куќа АД Струмица,Other price sensitive information,2024-12-26,NSK
ТТК Банка АД Скопје,Changes in management bodies,2024-12-25,TTK
Македонијатурист АД Скопје,Other price sensitive information,2024-12-25,MTT
Македонијатурист АД Скопје,Other price sensitive information,2024-12-25,MTT
Факом АД Скопје,Other price sensitive information,2024-12-25,FAKM
Силекс АД Кратово,Other price sensitive information,2024-12-25,SILEX
Агромеханика АД Скопје,Unaudited income statement 01.01. - 30.09.,2024-11-01,AGRO
Агромеханика АД Скопје,Other price sensitive information,2024-08-06,AGRO
Агромеханика АД Скопје,Unaudited financial statements 01.01. - 30.06.,2024-08-06,AGRO
Адинг АД Скопје,Other price sensitive information,2024-10-28,ADIN
Адинг АД Скопје,Unaudited income statement 01.01. - 30.09.,2024-10-28,ADIN
Адинг АД Скопје,Other price sensitive information,2024-10-22,ADIN
Адинг АД Скопје,Unaudited income statement 01.01. - 30.09.,2024-10-22,ADIN
Адинг АД Скопје,Other price sensitive information,2024-08-13,ADIN
Адинг АД Скопје,Other price sensitive information,2024-08-01,ADIN
Адинг АД Скопје,Unaudited financial statements 01.01. - 30.06.,2024-08-01,ADIN
Адинг АД Скопје,Other price sensitive information,2024-07-24,ADIN
Адинг АД Скопје,Unaudited financial statements 01.01. - 30.06.,2024-07-24,ADIN
Алкалоид АД Скопје,Other price sensitive information,2024-12-18,ALK
Алкалоид АД Скопје,Other price sensitive information,2024-12-13,ALK
Алкалоид АД Скопје,Other price sensitive information,2024-11-08,ALK
Алкалоид АД Скопје,Other price sensitive information,2024-11-08,ALK
Алкалоид АД Скопје,Other price sensitive information,2024-11-08,ALK
Алкалоид АД Скопје,Other price sensitive information,2024-11-08,ALK
Алкалоид АД Скопје,Other price sensitive information,2024-11-08,ALK
Алкалоид АД Скопје,Unaudited income statement 01.01. - 30.09.,2024-10-31,ALK
Алкалоид АД Скопје,Unaudited income statement 01.01. - 30.09.,2024-10-31,ALK
Алкалоид АД Скопје,Other price sensitive information,2024-10-31,ALK
Ангропромет Тиквешанка АД Кавадарци,Unaudited income statement 01.01. - 30.09.,2024-10-30,APTK
Ангропромет Тиквешанка АД Кавадарци,Other price sensitive information,2024-10-30,APTK
Ангропромет Тиквешанка АД Кавадарци,Other price sensitive information,2024-07-26,APTK
Ангропромет Тиквешанка АД Кавадарци,Unaudited financial statements 01.01. - 30.06.,2024-07-26,APTK
Аутомакедонија АД Скопје,Other price sensitive information,2024-12-03,AUMK
Аутомакедонија АД Скопје,Other price sensitive information,2024-11-15,AUMK
Аутомакедонија АД Скопје,Unaudited income statement 01.01. - 30.09.,2024-11-15,AUMK
Аутомакедонија АД Скопје,Other price sensitive information,2024-10-31,AUMK
Аутомакедонија АД Скопје,Unaudited income statement 01.01. - 30.09.,2024-10-31,AUMK
Аутомакедонија АД Скопје,Other price sensitive information,2024-09-23,AUMK
Аутомакедонија АД Скопје,Other price sensitive information,2024-08-15,AUMK
Аутомакедонија АД Скопје,Unaudited financial statements 01.01. - 30.06.,2024-08-15,AUMK
Аутомакедонија АД Скопје,Other price sensitive information,2024-07-31,AUMK
Аутомакедонија АД Скопје,Unaudited financial statements 01.01. - 30.06.,2024-07-31,AUMK
БИМ АД Свети Николе,Other price sensitive information,2024-10-31,BIM
БИМ АД Свети Николе,Unaudited income statement 01.01. - 30.09.,2024-10-31,BIM
БИМ АД Свети Николе,Other price sensitive information,2024-07-30,BIM
БИМ АД Свети Николе,Unaudited financial statements 01.01. - 30.06.,2024-07-30,BIM
БИМ АД Свети Николе,Purchase/sale of own shares,2024-07-25,BIM
Вабтек МЗТ АД Скопје,Proposal - decisions for the Shareholders' Meeting,2024-12-20,VABT
Вабтек МЗТ АД Скопје,Proposal - decisions for the Shareholders' Meeting,2024-12-19,VABT
Вабтек МЗТ АД Скопје,Public call for assembly,2024-12-19,VABT
Вабтек МЗТ АД Скопје,Other price sensitive information,2024-10-24,VABT
Вабтек МЗТ АД Скопје,Unaudited income statement 01.01. - 30.09.,2024-10-24,VABT
Вабтек МЗТ АД Скопје,Other decisions of the assembly,2024-08-07,VABT
Вабтек МЗТ АД Скопје,Other price sensitive information,2024-07-31,VABT
Вабтек МЗТ АД Скопје,Unaudited financial statements 01.01. - 30.06.,2024-07-31,VABT
Вабтек МЗТ АД Скопје,Proposal - decisions for the Shareholders' Meeting,2024-07-05,VABT
Вабтек МЗТ АД Скопје,Proposal - decisions for the Shareholders' Meeting,2024-07-02,VABT
ВВ Тиквеш АД Кавадарци,Unaudited income statement 01.01. - 30.09.,2024-11-15,VVT
ВВ Тиквеш АД Кавадарци,Unaudited income statement 01.01. - 30.09.,2024-10-31,VVT
ВВ Тиквеш АД Кавадарци,Other price sensitive information,2024-08-15,VVT
ВВ Тиквеш АД Кавадарци,Unaudited financial statements 01.01. - 30.06.,2024-08-15,VVT
ВВ Тиквеш АД Кавадарци,Other price sensitive information,2024-07-31,VVT
ВВ Тиквеш АД Кавадарци,Unaudited financial statements 01.01. - 30.06.,2024-07-31,VVT
ВВ Тиквеш АД Кавадарци,Changes in management bodies,2024-07-09,VVT
Ветекс АД Велес,Unaudited income statement 01.01. - 30.09.,2024-10-30,VETEX
Ветекс АД Велес,Other price sensitive information,2024-10-30,VETEX
Ветекс АД Велес,Other price sensitive information,2024-07-17,VETEX
Ветекс АД Велес,Unaudited financial statements 01.01. - 30.06.,2024-07-17,VETEX
Витаминка АД Прилеп,Purchase/sale of own shares,2024-12-24,VITAM
Витаминка АД Прилеп,Other price sensitive information,2024-10-31,VITAM
Витаминка АД Прилеп,Unaudited income statement 01.01. - 30.09.,2024-10-31,VITAM
Витаминка АД Прилеп,Other price sensitive information,2024-08-15,VITAM
Витаминка АД Прилеп,Unaudited financial statements 01.01. - 30.06.,2024-08-15,VITAM
Витаминка АД Прилеп,Other price sensitive information,2024-08-14,VITAM
Витаминка АД Прилеп,Other price sensitive information,2024-07-31,VITAM
Витаминка АД Прилеп,Unaudited financial statements 01.01. - 30.06.,2024-07-31,VITAM
Витаминка АД Прилеп,Other price sensitive information,2024-07-30,VITAM
ГД Тиквеш АД Кавадарци,Other price sensitive information,2024-10-31,GDTIK
ГД Тиквеш АД Кавадарци,Unaudited income statement 01.01. - 30.09.,2024-10-31,GDTIK
ГД Тиквеш АД Кавадарци,Other price sensitive information,2024-07-26,GDTIK
ГД Тиквеш АД Кавадарци,Unaudited financial statements 01.01. - 30.06.,2024-07-26,GDTIK
Герас Цунев Трговија АД Струмица,Other price sensitive information,2024-12-13,GERAS
Герас Цунев Трговија АД Струмица,Other price sensitive information,2024-12-10,GERAS
Герас Цунев Трговија АД Струмица,Other price sensitive information,2024-10-28,GERAS
Герас Цунев Трговија АД Струмица,Other price sensitive information,2024-10-28,GERAS
Герас Цунев Трговија АД Струмица,Unaudited income statement 01.01. - 30.09.,2024-10-28,GERAS
Герас Цунев Трговија АД Струмица,Other price sensitive information,2024-10-25,GERAS
Герас Цунев Трговија АД Струмица,Other price sensitive information,2024-07-26,GERAS
Герас Цунев Трговија АД Струмица,Unaudited financial statements 01.01. - 30.06.,2024-07-26,GERAS
Герас Цунев Трговија АД Струмица,Audited financial statements,2024-07-25,GERAS
Герас Цунев Трговија АД Струмица,Other decisions of the assembly,2024-07-25,GERAS
Гранит АД Скопје,Other price sensitive information,2024-11-15,GRNT
Гранит АД Скопје,Unaudited income statement 01.01. - 30.09.,2024-11-15,GRNT
Гранит АД Скопје,Other price sensitive information,2024-10-31,GRNT
Гранит АД Скопје,Unaudited income statement 01.01. - 30.09.,2024-10-31,GRNT
Гранит АД Скопје,Other price sensitive information,2024-09-03,GRNT
Гранит АД Скопје,Other price sensitive information,2024-08-15,GRNT
Гранит АД Скопје,Unaudited financial statements 01.01. - 30.06.,2024-08-15,GRNT
Гранит АД Скопје,Other price sensitive information,2024-07-31,GRNT
Гранит АД Скопје,Unaudited financial statements 01.01. - 30.06.,2024-07-31,GRNT
Грозд АД Струмица,Unaudited income statement 01.01. - 30.09.,2024-10-29,GROZD
Грозд АД Струмица,Other price sensitive information,2024-07-31,GROZD
Грозд АД Струмица,Unaudited financial statements 01.01. - 30.06.,2024-07-31,GROZD
ГТЦ АД Скопје,Changes in management bodies,2024-11-11,GTC
ГТЦ АД Скопје,Proposal - decisions for the Shareholders' Meeting,2024-11-04,GTC
ГТЦ АД Скопје,Unaudited income statement 01.01. - 30.09.,2024-10-29,GTC
ГТЦ АД Скопје,Proposal - decisions for the Shareholders' Meeting,2024-10-08,GTC
ГТЦ АД Скопје,Public call for assembly,2024-10-08,GTC
ГТЦ АД Скопје,Other price sensitive information,2024-07-30,GTC
ГТЦ АД Скопје,Unaudited financial statements 01.01. - 30.06.,2024-07-30,GTC
ГТЦ АД Скопје,Audited financial statements,2024-07-05,GTC
ГТЦ АД Скопје,Other decisions of the assembly,2024-07-05,GTC
ГТЦ АД Скопје,Distribution of profit,2024-07-05,GTC
Дебарски бањи - Цапа АД Дебар,Unaudited income statement 01.01. - 30.09.,2024-10-30,DEBCA
Дебарски бањи - Цапа АД Дебар,Other price sensitive information,2024-07-30,DEBCA
Дебарски бањи - Цапа АД Дебар,Unaudited financial statements 01.01. - 30.06.,2024-07-30,DEBCA
Димко Митрев АД Велес,Unaudited income statement 01.01. - 30.09.,2024-11-01,DIMKO
Димко Митрев АД Велес,Other price sensitive information,2024-10-31,DIMKO
Димко Митрев АД Велес,Unaudited income statement 01.01. - 30.09.,2024-10-31,DIMKO
Димко Митрев АД Велес,Other price sensitive information,2024-07-29,DIMKO
Димко Митрев АД Велес,Unaudited financial statements 01.01. - 30.06.,2024-07-29,DIMKO
ДС Смитх АД Скопје,Unaudited income statement 01.01. - 30.09.,2024-10-28,DSS
ДС Смитх АД Скопје,Changes in management bodies,2024-10-15,DSS
ДС Смитх АД Скопје,Other price sensitive information,2024-09-17,DSS
ДС Смитх АД Скопје,Unaudited financial statements 01.01. - 30.06.,2024-09-10,DSS
ДС Смитх АД Скопје,Unaudited income statement 01.01. - 31.03.,2024-08-30,DSS
ДС Смитх АД Скопје,Changes in management bodies,2024-08-01,DSS
Европа АД Скопје,Other price sensitive information,2024-10-30,EUROPA
Европа АД Скопје,Unaudited income statement 01.01. - 30.09.,2024-10-30,EUROPA
Европа АД Скопје,Other price sensitive information,2024-07-31,EUROPA
Европа АД Скопје,Unaudited financial statements 01.01. - 30.06.,2024-07-31,EUROPA
Европа АД Скопје,Changes in management bodies,2024-07-11,EUROPA
Европа АД Скопје,A big deal,2024-07-05,EUROPA
Европа АД Скопје,Other price sensitive information,2024-07-05,EUROPA
Европа АД Скопје,Other price sensitive information,2024-07-05,EUROPA
Европа АД Скопје,Audited financial statements,2024-07-05,EUROPA
Европа АД Скопје,Dividend Calendar,2024-07-05,EUROPA
ЖАС АД Скопје,Other price sensitive information,2024-10-25,ZHAS
ЖАС АД Скопје,Unaudited income statement 01.01. - 30.09.,2024-10-25,ZHAS
ЖАС АД Скопје,Other price sensitive information,2024-07-23,ZHAS
ЖАС АД Скопје,Unaudited financial statements 01.01. - 30.06.,2024-07-23,ZHAS
Жито Лукс АД Скопје,Other price sensitive information,2024-10-30,ZLUX
Жито Лукс АД Скопје,Unaudited income statement 01.01. - 30.09.,2024-10-30,ZLUX
Жито Лукс АД Скопје,Other price sensitive information,2024-07-31,ZLUX
Жито Лукс АД Скопје,Unaudited financial statements 01.01. - 30.06.,2024-07-31,ZLUX
ЗК Пелагонија АД Битола,Other price sensitive information,2024-11-15,ZKPEL
ЗК Пелагонија АД Битола,Unaudited income statement 01.01. - 30.09.,2024-11-15,ZKPEL
ЗК Пелагонија АД Битола,Other price sensitive information,2024-10-31,ZKPEL
ЗК Пелагонија АД Битола,Unaudited income statement 01.01. - 30.09.,2024-10-31,ZKPEL
ЗК Пелагонија АД Битола,Other price sensitive information,2024-09-24,ZKPEL
ЗК Пелагонија АД Битола,Other price sensitive information,2024-08-15,ZKPEL
ЗК Пелагонија АД Битола,Unaudited financial statements 01.01. - 30.06.,2024-08-15,ZKPEL
ЗК Пелагонија АД Битола,Other price sensitive information,2024-07-31,ZKPEL
ЗК Пелагонија АД Битола,Unaudited financial statements 01.01. - 30.06.,2024-07-31,ZKPEL
ЗК Пелагонија АД Битола,Other decisions of the assembly,2024-07-30,ZKPEL
Интернешнел Хотелс АД Скопје,Other price sensitive information,2024-10-31,INTHOT
Интернешнел Хотелс АД Скопје,Unaudited income statement 01.01. - 30.09.,2024-10-31,INTHOT
Интернешнел Хотелс АД Скопје,Other price sensitive information,2024-07-31,INTHOT
Интернешнел Хотелс АД Скопје,Unaudited financial statements 01.01. - 30.06.,2024-07-31,INTHOT
Интернешнел Хотелс АД Скопје,Other decisions of the assembly,2024-07-01,INTHOT
Интерпромет АД Тетово,Other price sensitive information,2024-10-18,INTERP
Интерпромет АД Тетово,Unaudited income statement 01.01. - 30.09.,2024-10-18,INTERP
Интерпромет АД Тетово,Other price sensitive information,2024-07-26,INTERP
Интерпромет АД Тетово,Unaudited financial statements 01.01. - 30.06.,2024-07-26,INTERP
Кланица со ладилник АД Струмица,Other price sensitive information,2024-10-29,KLANICA
Кланица со ладилник АД Струмица,Unaudited income statement 01.01. - 30.09.,2024-10-29,KLANICA
Кланица со ладилник АД Струмица,Other price sensitive information,2024-07-24,KLANICA
Кланица со ладилник АД Струмица,Unaudited financial statements 01.01. - 30.06.,2024-07-24,KLANICA
Комерцијална Банка АД Скопје,Other price sensitive information,2024-10-30,KMB
Комерцијална Банка АД Скопје,Other price sensitive information,2024-10-30,KMB
Комерцијална Банка АД Скопје,Unaudited income statement 01.01. - 30.09.,2024-10-30,KMB
Комерцијална Банка АД Скопје,Other price sensitive information,2024-10-29,KMB
Комерцијална Банка АД Скопје,Other price sensitive information,2024-09-27,KMB
Комерцијална Банка АД Скопје,Other price sensitive information,2024-09-24,KMB
Комерцијална Банка АД Скопје,Other price sensitive information,2024-09-13,KMB
Комерцијална Банка АД Скопје,Other price sensitive information,2024-09-04,KMB
Комерцијална Банка АД Скопје,Other price sensitive information,2024-08-26,KMB
Комерцијална Банка АД Скопје,Other price sensitive information,2024-08-12,KMB
Кристал 1923 АД Велес,Other price sensitive information,2024-10-31,KRISTAL
Кристал 1923 АД Велес,Unaudited income statement 01.01. - 30.09.,2024-10-31,KRISTAL
Кристал 1923 АД Велес,Other price sensitive information,2024-10-08,KRISTAL
Кристал 1923 АД Велес,Other price sensitive information,2024-07-30,KRISTAL
Кристал 1923 АД Велес,Unaudited financial statements 01.01. - 30.06.,2024-07-30,KRISTAL
Либерти АД Скопје,Other price sensitive information,2024-10-18,LIBERTY
Либерти АД Скопје,Unaudited income statement 01.01. - 30.09.,2024-10-18,LIBERTY
Либерти АД Скопје,Changes in management bodies,2024-10-15,LIBERTY
Либерти АД Скопје,Other price sensitive information,2024-07-30,LIBERTY
Либерти АД Скопје,Unaudited financial statements 01.01. - 30.06.,2024-07-30,LIBERTY
Лотарија на Македонија АД Скопје,Unaudited income statement 01.01. - 30.09.,2024-10-31,LOTMAC
Лотарија на Македонија АД Скопје,Unaudited income statement 01.01. - 30.09.,2024-10-31,LOTMAC
Лотарија на Македонија АД Скопје,Other price sensitive information,2024-10-31,LOTMAC
Лотарија на Македонија АД Скопје,Other price sensitive information,2024-07-31,LOTMAC
Лотарија на Македонија АД Скопје,Unaudited financial statements 01.01. - 30.06.,2024-07-31,LOTMAC
Лотарија на Македонија АД Скопје,Unaudited financial statements 01.01. - 30.06.,2024-07-31,LOTMAC
Македонија осигурување АД Скопје,Changes in management bodies,2024-11-19,MAKOS
Македонија осигурување АД Скопје,Other price sensitive information,2024-11-01,MAKOS
Македонија осигурување АД Скопје,Unaudited income statement 01.01. - 30.09.,2024-10-31,MAKOS
Македонија осигурување АД Скопје,Changes in management bodies,2024-08-13,MAKOS
Македонија осигурување АД Скопје,Other price sensitive information,2024-07-31,MAKOS
Македонија осигурување АД Скопје,Unaudited financial statements 01.01. - 30.06.,2024-07-31,MAKOS
Македонија осигурување АД Скопје,Changes in management bodies,2024-07-09,MAKOS
Македонија осигурување АД Скопје,Other decisions of the assembly,2024-07-09,MAKOS
Македонија осигурување АД Скопје,New emissions,2024-07-04,MAKOS
Македонија осигурување АД Скопје,Proposal - decisions for the Shareholders' Meeting,2024-07-02,MAKOS
Македонијатурист АД Скопје,Other price sensitive information,2024-12-25,MTT
Македонијатурист АД Скопје,Other price sensitive information,2024-12-25,MTT
Македонијатурист АД Скопје,Other price sensitive information,2024-12-11,MTT
Македонијатурист АД Скопје,Other price sensitive information,2024-12-11,MTT
Македонијатурист АД Скопје,Other price sensitive information,2024-12-04,MTT
Македонијатурист АД Скопје,Other price sensitive information,2024-12-04,MTT
Македонијатурист АД Скопје,Other price sensitive information,2024-12-04,MTT
Македонијатурист АД Скопје,Other price sensitive information,2024-12-04,MTT
Македонијатурист АД Скопје,Other price sensitive information,2024-12-04,MTT
Македонијатурист АД Скопје,Other price sensitive information,2024-12-04,MTT
Македонски Телеком АД Скопје,Unaudited income statement 01.01. - 30.09.,2024-10-31,MPT
Македонски Телеком АД Скопје,Other price sensitive information,2024-10-31,MPT
Македонски Телеком АД Скопје,Other price sensitive information,2024-09-02,MPT
Македонски Телеком АД Скопје,Stakeholder Deal,2024-08-06,MPT
Македонски Телеком АД Скопје,Other price sensitive information,2024-07-31,MPT
Македонски Телеком АД Скопје,Unaudited financial statements 01.01. - 30.06.,2024-07-31,MPT
Макотекс АД Скопје,Unaudited income statement 01.01. - 30.09.,2024-10-30,MAKOT
Макотекс АД Скопје,Other price sensitive information,2024-07-31,MAKOT
Макотекс АД Скопје,Unaudited financial statements 01.01. - 30.06.,2024-07-31,MAKOT
Макошпед АД Скопје,Unaudited income statement 01.01. - 30.09.,2024-10-28,MAKSP
Макошпед АД Скопје,Unaudited income statement 01.01. - 30.09.,2024-10-28,MAKSP
Макошпед АД Скопје,Other price sensitive information,2024-10-28,MAKSP
Макошпед АД Скопје,Unaudited financial statements 01.01. - 30.06.,2024-08-01,MAKSP
Макошпед АД Скопје,Unaudited financial statements 01.01. - 30.06.,2024-08-01,MAKSP
Макошпед АД Скопје,Other price sensitive information,2024-08-01,MAKSP
Макпетрол АД Скопје,Other price sensitive information,2024-12-27,MPT
Макпетрол АД Скопје,Other price sensitive information,2024-12-27,MPT
Макпетрол АД Скопје,Other price sensitive information,2024-12-11,MPT
Макпетрол АД Скопје,Unaudited income statement 01.01. - 30.09.,2024-11-11,MPT
Макпетрол АД Скопје,Unaudited income statement 01.01. - 30.09.,2024-10-30,MPT
Макпетрол АД Скопје,Other price sensitive information,2024-08-27,MPT
Макпетрол АД Скопје,Other price sensitive information,2024-08-14,MPT
Макпетрол АД Скопје,Unaudited financial statements 01.01. - 30.06.,2024-08-14,MPT
Макпетрол АД Скопје,Other price sensitive information,2024-07-31,MPT
Макпетрол АД Скопје,Unaudited financial statements 01.01. - 30.06.,2024-07-31,MPT
Макпромет АД Штип,Other price sensitive information,2024-11-15,MAKPR
Макпромет АД Штип,Unaudited income statement 01.01. - 30.09.,2024-11-15,MAKPR
Макпромет АД Штип,Other price sensitive information,2024-10-30,MAKPR
Макпромет АД Штип,Unaudited income statement 01.01. - 30.09.,2024-10-30,MAKPR
Макпромет АД Штип,Other price sensitive information,2024-08-15,MAKPR
Макпромет АД Штип,Unaudited financial statements 01.01. - 30.06.,2024-08-15,MAKPR
Макпромет АД Штип,Other price sensitive information,2024-07-26,MAKPR
Макпромет АД Штип,Unaudited financial statements 01.01. - 30.06.,2024-07-26,MAKPR
Макстил АД Скопје,Other price sensitive information,2024-11-22,MAKS
Макстил АД Скопје,Other price sensitive information,2024-11-21,MAKS
Макстил АД Скопје,Other price sensitive information,2024-11-20,MAKS
Макстил АД Скопје,Other price sensitive information,2024-11-18,MAKS
Макстил АД Скопје,Other price sensitive information,2024-11-11,MAKS
Макстил АД Скопје,Other price sensitive information,2024-11-07,MAKS
Макстил АД Скопје,Other price sensitive information,2024-10-31,MAKS
Макстил АД Скопје,Unaudited income statement 01.01. - 30.09.,2024-10-31,MAKS
Макстил АД Скопје,Other price sensitive information,2024-10-29,MAKS
Макстил АД Скопје,Other price sensitive information,2024-09-26,MAKS
Мермерен комбинат АД Прилеп,Unaudited income statement 01.01. - 30.09.,2024-10-31,MERMER
Мермерен комбинат АД Прилеп,Other price sensitive information,2024-07-31,MERMER
Мермерен комбинат АД Прилеп,Unaudited financial statements 01.01. - 30.06.,2024-07-31,MERMER
МЗТ Пумпи АД Скопје,Unaudited income statement 01.01. - 30.09.,2024-10-30,MZTP
МЗТ Пумпи АД Скопје,Other price sensitive information,2024-07-31,MZTP
МЗТ Пумпи АД Скопје,Unaudited financial statements 01.01. - 30.06.,2024-07-31,MZTP
Мода АД Свети Николе,Other price sensitive information,2024-12-25,MODA
Мода АД Свети Николе,Unaudited income statement 01.01. - 30.09.,2024-10-25,MODA
Мода АД Свети Николе,Other price sensitive information,2024-07-23,MODA
Мода АД Свети Николе,Unaudited financial statements 01.01. - 30.06.,2024-07-23,MODA
Неметали Огражден АД Струмица,Other price sensitive information,2024-11-15,NEMET
Неметали Огражден АД Струмица,Unaudited income statement 01.01. - 30.09.,2024-11-15,NEMET
Неметали Огражден АД Струмица,Other price sensitive information,2024-10-30,NEMET
Неметали Огражден АД Струмица,Unaudited income statement 01.01. - 30.09.,2024-10-30,NEMET
Неметали Огражден АД Струмица,Other price sensitive information,2024-08-14,NEMET
Неметали Огражден АД Струмица,Unaudited financial statements 01.01. - 30.06.,2024-08-14,NEMET
Неметали Огражден АД Струмица,Other price sensitive information,2024-07-31,NEMET
Неметали Огражден АД Струмица,Unaudited financial statements 01.01. - 30.06.,2024-07-31,NEMET
Неметали Огражден АД Струмица,Other decisions of the assembly,2024-07-26,NEMET
НЛБ Банка АД Скопје,Other decisions of the assembly,2024-11-29,NLB
НЛБ Банка АД Скопје,Proposal - decisions for the Shareholders' Meeting,2024-10-28,NLB
НЛБ Банка АД Скопје,Public call for assembly,2024-10-28,NLB
НЛБ Банка АД Скопје,Other price sensitive information,2024-10-25,NLB
НЛБ Банка АД Скопје,Unaudited income statement 01.01. - 30.09.,2024-10-25,NLB
НЛБ Банка АД Скопје,Other price sensitive information,2024-10-18,NLB
НЛБ Банка АД Скопје,Changes in management bodies,2024-10-14,NLB
НЛБ Банка АД Скопје,Other decisions of the assembly,2024-09-05,NLB
НЛБ Банка АД Скопје,Changes in management bodies,2024-09-03,NLB
НЛБ Банка АД Скопје,Other price sensitive information,2024-08-22,NLB
Нова стоковна куќа АД Струмица,Other price sensitive information,2024-12-26,NSK
Нова стоковна куќа АД Струмица,Other decisions of the assembly,2024-12-20,NSK
Нова стоковна куќа АД Струмица,Proposal - decisions for the Shareholders' Meeting,2024-11-19,NSK
Нова стоковна куќа АД Струмица,Proposal - decisions for the Shareholders' Meeting,2024-11-18,NSK
Нова стоковна куќа АД Струмица,Public call for assembly,2024-11-18,NSK
Нова стоковна куќа АД Струмица,Other price sensitive information,2024-10-31,NSK
Нова стоковна куќа АД Струмица,Unaudited income statement 01.01. - 30.09.,2024-10-31,NSK
Нова стоковна куќа АД Струмица,Other price sensitive information,2024-10-18,NSK
Нова стоковна куќа АД Струмица,Other decisions of the assembly,2024-10-18,NSK
Нова стоковна куќа АД Струмица,Changes in management bodies,2024-10-03,NSK
ОИЛКО КДА Скопје,Other price sensitive information,2024-12-20,OILKO
ОИЛКО КДА Скопје,Unaudited income statement 01.01. - 30.09.,2024-10-30,OILKO
ОИЛКО КДА Скопје,Other price sensitive information,2024-08-29,OILKO
ОИЛКО КДА Скопје,Other price sensitive information,2024-07-31,OILKO
ОИЛКО КДА Скопје,Unaudited financial statements 01.01. - 30.06.,2024-07-31,OILKO
ОКТА АД Скопје,Other price sensitive information,2024-10-31,OKTA
ОКТА АД Скопје,Unaudited income statement 01.01. - 30.09.,2024-10-31,OKTA
ОКТА АД Скопје,Other price sensitive information,2024-10-28,OKTA
ОКТА АД Скопје,Other price sensitive information,2024-10-25,OKTA
ОКТА АД Скопје,Other price sensitive information,2024-10-24,OKTA
ОКТА АД Скопје,Other price sensitive information,2024-10-22,OKTA
ОКТА АД Скопје,Other price sensitive information,2024-10-21,OKTA
ОКТА АД Скопје,Other price sensitive information,2024-10-18,OKTA
ОКТА АД Скопје,Other price sensitive information,2024-10-04,OKTA
ОКТА АД Скопје,Other price sensitive information,2024-10-03,OKTA
Оранжерии Хамзали АД Струмица,Other price sensitive information,2024-10-16,ORANZH
Оранжерии Хамзали АД Струмица,Unaudited income statement 01.01. - 30.09.,2024-10-16,ORANZH
Оранжерии Хамзали АД Струмица,Unaudited financial statements 01.01. - 30.06.,2024-07-22,ORANZH
Патнички сообраќај - Транскоп АД Битола,Other price sensitive information,2024-10-31,TRANSP
Патнички сообраќај - Транскоп АД Битола,Unaudited income statement 01.01. - 30.09.,2024-10-31,TRANSP
Патнички сообраќај - Транскоп АД Битола,Other price sensitive information,2024-07-31,TRANSP
Патнички сообраќај - Транскоп АД Битола,Unaudited financial statements 01.01. - 30.06.,2024-07-31,TRANSP
"Пекабеско АД Кадино, Илинден",Other price sensitive information,2024-12-20,PEKAB
"Пекабеско АД Кадино, Илинден",Proposal - decisions for the Shareholders' Meeting,2024-11-29,PEKAB
"Пекабеско АД Кадино, Илинден",Public call for assembly,2024-11-29,PEKAB
"Пекабеско АД Кадино, Илинден",Other price sensitive information,2024-11-11,PEKAB
"Пекабеско АД Кадино, Илинден",Unaudited income statement 01.01. - 30.09.,2024-11-11,PEKAB
"Пекабеско АД Кадино, Илинден",Other price sensitive information,2024-10-31,PEKAB
"Пекабеско АД Кадино, Илинден",Unaudited income statement 01.01. - 30.09.,2024-10-31,PEKAB
"Пекабеско АД Кадино, Илинден",Other price sensitive information,2024-10-16,PEKAB
"Пекабеско АД Кадино, Илинден",Other price sensitive information,2024-09-13,PEKAB
"Пекабеско АД Кадино, Илинден",Other price sensitive information,2024-08-07,PEKAB
Пелистерка АД Скопје,Unaudited income statement 01.01. - 30.09.,2024-11-15,PELISTER
Пелистерка АД Скопје,Audited financial statements,2024-10-31,PELISTER
Пелистерка АД Скопје,Unaudited income statement 01.01. - 30.09.,2024-10-31,PELISTER
Пелистерка АД Скопје,Audited financial statements,2024-10-31,PELISTER
Пелистерка АД Скопје,Other price sensitive information,2024-08-15,PELISTER
Пелистерка АД Скопје,Unaudited financial statements 01.01. - 30.06.,2024-08-15,PELISTER
Пелистерка АД Скопје,Audited financial statements,2024-07-31,PELISTER
Пелистерка АД Скопје,Other price sensitive information,2024-07-31,PELISTER
Пелистерка АД Скопје,Unaudited financial statements 01.01. - 30.06.,2024-07-31,PELISTER
Пелистерка АД Скопје,Distribution of profit,2024-07-30,PELISTER
Попова кула АД Демир Капија,Other price sensitive information,2024-10-31,POPOVA
Попова кула АД Демир Капија,Unaudited income statement 01.01. - 30.09.,2024-10-31,POPOVA
Попова кула АД Демир Капија,Other price sensitive information,2024-07-25,POPOVA
Попова кула АД Демир Капија,Unaudited financial statements 01.01. - 30.06.,2024-07-25,POPOVA
Прилепска пиварница АД Прилеп,Purchase/sale of own shares,2024-12-19,PRIPIV
Прилепска пиварница АД Прилеп,Purchase/sale of own shares,2024-12-06,PRIPIV
Прилепска пиварница АД Прилеп,Purchase/sale of own shares,2024-11-27,PRIPIV
Прилепска пиварница АД Прилеп,Purchase/sale of own shares,2024-11-25,PRIPIV
Прилепска пиварница АД Прилеп,Unaudited income statement 01.01. - 30.09.,2024-10-25,PRIPIV
Прилепска пиварница АД Прилеп,Purchase/sale of own shares,2024-10-15,PRIPIV
Прилепска пиварница АД Прилеп,Purchase/sale of own shares,2024-09-18,PRIPIV
Прилепска пиварница АД Прилеп,Purchase/sale of own shares,2024-09-02,PRIPIV
Прилепска пиварница АД Прилеп,Other price sensitive information,2024-07-31,PRIPIV
Прилепска пиварница АД Прилеп,Unaudited financial statements 01.01. - 30.06.,2024-07-31,PRIPIV
Раде Кончар - Апаратна техника АД Скопје,Other price sensitive information,2024-12-18,RADE
Раде Кончар - Апаратна техника АД Скопје,Proposal - decisions for the Shareholders' Meeting,2024-11-15,RADE
Раде Кончар - Апаратна техника АД Скопје,Public call for assembly,2024-11-15,RADE
Раде Кончар - Апаратна техника АД Скопје,Other price sensitive information,2024-10-29,RADE
Раде Кончар - Апаратна техника АД Скопје,Unaudited income statement 01.01. - 30.09.,2024-10-29,RADE
Раде Кончар - Апаратна техника АД Скопје,Other price sensitive information,2024-07-29,RADE
Раде Кончар - Апаратна техника АД Скопје,Changes in management bodies,2024-07-29,RADE
Раде Кончар - Апаратна техника АД Скопје,Other price sensitive information,2024-07-29,RADE
Раде Кончар - Апаратна техника АД Скопје,Unaudited financial statements 01.01. - 30.06.,2024-07-29,RADE
Раде Кончар - Апаратна техника АД Скопје,Other decisions of the assembly,2024-07-24,RADE
Реплек АД Скопје,Other price sensitive information,2024-12-24,REPL
Реплек АД Скопје,Other price sensitive information,2024-12-19,REPL
Реплек АД Скопје,Other price sensitive information,2024-12-16,REPL
Реплек АД Скопје,Other price sensitive information,2024-12-16,REPL
Реплек АД Скопје,Other price sensitive information,2024-12-11,REPL
Реплек АД Скопје,Other price sensitive information,2024-12-03,REPL
Реплек АД Скопје,Other price sensitive information,2024-11-26,REPL
Реплек АД Скопје,Other price sensitive information,2024-11-19,REPL
Реплек АД Скопје,Other price sensitive information,2024-11-12,REPL
Реплек АД Скопје,Other price sensitive information,2024-11-06,REPL
РЖ Економика АД Скопје,Unaudited income statement 01.01. - 30.09.,2024-10-29,RZECO
РЖ Економика АД Скопје,Other price sensitive information,2024-07-26,RZECO
РЖ Економика АД Скопје,Unaudited financial statements 01.01. - 30.06.,2024-07-26,RZECO
РЖ Интер-Трансшпед АД Скопје,Other price sensitive information,2024-11-18,RZINTER
РЖ Интер-Трансшпед АД Скопје,Unaudited income statement 01.01. - 30.09.,2024-10-30,RZINTER
РЖ Интер-Трансшпед АД Скопје,Other price sensitive information,2024-07-29,RZINTER
РЖ Интер-Трансшпед АД Скопје,Unaudited financial statements 01.01. - 30.06.,2024-07-29,RZINTER
РЖ Интер-Трансшпед АД Скопје,Stakeholder Deal,2024-07-05,RZINTER
РЖ Техничка контрола АД Скопје,Unaudited income statement 01.01. - 30.09.,2024-10-31,RZTECH
РЖ Техничка контрола АД Скопје,Other price sensitive information,2024-07-30,RZTECH
РЖ Техничка контрола АД Скопје,Unaudited financial statements 01.01. - 30.06.,2024-07-30,RZTECH
Рудници Бањани АД Скопје,Unaudited income statement 01.01. - 30.09.,2024-10-30,RUDNIK
Рудници Бањани АД Скопје,Other price sensitive information,2024-07-29,RUDNIK
Рудници Бањани АД Скопје,Unaudited financial statements 01.01. - 30.06.,2024-07-29,RUDNIK
Сигурносно стакло АД Прилеп,Unaudited income statement 01.01. - 30.09.,2024-10-28,SIGST
Сигурносно стакло АД Прилеп,Other price sensitive information,2024-07-30,SIGST
Сигурносно стакло АД Прилеп,Unaudited financial statements 01.01. - 30.06.,2024-07-30,SIGST
Силекс АД Кратово,Other price sensitive information,2024-12-25,SILEX
Силекс АД Кратово,Unaudited income statement 01.01. - 30.09.,2024-11-12,SILEX
Силекс АД Кратово,Unaudited income statement 01.01. - 30.09.,2024-10-30,SILEX
Силекс АД Кратово,Other price sensitive information,2024-08-14,SILEX
Силекс АД Кратово,Unaudited financial statements 01.01. - 30.06.,2024-08-14,SILEX
Силекс АД Кратово,Distribution of profit,2024-08-13,SILEX
Силекс АД Кратово,Other decisions of the assembly,2024-08-13,SILEX
Силекс АД Кратово,Other price sensitive information,2024-07-24,SILEX
Силекс АД Кратово,Unaudited financial statements 01.01. - 30.06.,2024-07-24,SILEX
Силекс АД Кратово,Other price sensitive information,2024-07-12,SILEX
Скопски Пазар АД Скопје,Other price sensitive information,2024-10-24,SKOPP
Скопски Пазар АД Скопје,Unaudited income statement 01.01. - 30.09.,2024-10-24,SKOPP
Скопски Пазар АД Скопје,Stakeholder Deal,2024-09-03,SKOPP
Скопски Пазар АД Скопје,Proposal - decisions for the Shareholders' Meeting,2024-08-01,SKOPP
Скопски Пазар АД Скопје,Public call for assembly,2024-08-01,SKOPP
Скопски Пазар АД Скопје,Other price sensitive information,2024-07-29,SKOPP
Скопски Пазар АД Скопје,Unaudited financial statements 01.01. - 30.06.,2024-07-29,SKOPP
Славеј АД Скопје,Other price sensitive information,2024-10-31,SLAVEJ
Славеј АД Скопје,Unaudited income statement 01.01. - 30.09.,2024-10-31,SLAVEJ
Славеј АД Скопје,Other price sensitive information,2024-10-30,SLAVEJ
Славеј АД Скопје,Other price sensitive information,2024-07-31,SLAVEJ
Славеј АД Скопје,Unaudited financial statements 01.01. - 30.06.,2024-07-31,SLAVEJ
Славеј АД Скопје,Other price sensitive information,2024-07-30,SLAVEJ
СН Осигурителен Брокер АД Битола,Other price sensitive information,2024-11-01,SNOS
СН Осигурителен Брокер АД Битола,Unaudited income statement 01.01. - 30.09.,2024-11-01,SNOS
СН Осигурителен Брокер АД Битола,Other price sensitive information,2024-11-01,SNOS
СН Осигурителен Брокер АД Битола,Unaudited income statement 01.01. - 30.09.,2024-11-01,SNOS
СН Осигурителен Брокер АД Битола,Other price sensitive information,2024-07-31,SNOS
СН Осигурителен Брокер АД Битола,Unaudited financial statements 01.01. - 30.06.,2024-07-31,SNOS
СН Осигурителен Брокер АД Битола,Other decisions of the assembly,2024-07-02,SNOS
Современ дом АД Прилеп,Other decisions of the assembly,2024-11-15,SOVDOM
Современ дом АД Прилеп,Other price sensitive information,2024-10-24,SOVDOM
Современ дом АД Прилеп,Unaudited income statement 01.01. - 30.09.,2024-10-24,SOVDOM
Современ дом АД Прилеп,Proposal - decisions for the Shareholders' Meeting,2024-10-15,SOVDOM
Современ дом АД Прилеп,Public call for assembly,2024-10-15,SOVDOM
Современ дом АД Прилеп,Other price sensitive information,2024-07-29,SOVDOM
Современ дом АД Прилеп,Unaudited financial statements 01.01. - 30.06.,2024-07-29,SOVDOM
Стопанска банка АД Битола,Other price sensitive information,2024-10-25,STBBIT
Стопанска банка АД Битола,Unaudited income statement 01.01. - 30.09.,2024-10-25,STBBIT
Стопанска банка АД Битола,Changes in management bodies,2024-10-15,STBBIT
Стопанска банка АД Битола,Other price sensitive information,2024-09-30,STBBIT
Стопанска банка АД Битола,Changes in management bodies,2024-09-30,STBBIT
Стопанска банка АД Битола,Other price sensitive information,2024-09-27,STBBIT
Стопанска банка АД Битола,Other price sensitive information,2024-09-13,STBBIT
Стопанска банка АД Битола,Other price sensitive information,2024-09-04,STBBIT
Стопанска банка АД Битола,Other price sensitive information,2024-08-26,STBBIT
Стопанска банка АД Битола,Other price sensitive information,2024-08-01,STBBIT
Стопанска банка АД Скопје,Other price sensitive information,2024-10-30,STBSKP
Стопанска банка АД Скопје,Unaudited income statement 01.01. - 30.09.,2024-10-30,STBSKP
Стопанска банка АД Скопје,Changes in management bodies,2024-08-08,STBSKP
Стопанска банка АД Скопје,Other price sensitive information,2024-07-31,STBSKP
Стопанска банка АД Скопје,Unaudited financial statements 01.01. - 30.06.,2024-07-31,STBSKP
Стопанска банка АД Скопје,Unaudited financial statements 01.01. - 30.06.,2024-07-31,STBSKP
Стопанска банка АД Скопје,Changes in management bodies,2024-07-25,STBSKP
Стопанска банка АД Скопје,Other decisions of the assembly,2024-07-16,STBSKP
Стопанска банка АД Скопје,Changes in management bodies,2024-07-16,STBSKP
Струмичко поле АД с. Василево,Non-audited profit&loss account 01.01. - 30.09.,2024-10-18,STRPOL
Струмичко поле АД с. Василево,Non-audited profit&loss account 01.01. - 30.09.,2024-10-18,STRPOL
Струмичко поле АД с. Василево,Unaudited income statement 01.01. - 30.09.,2024-10-18,STRPOL
Струмичко поле АД с. Василево,Other price sensitive information,2024-07-31,STRPOL
Струмичко поле АД с. Василево,Non-audited financial statements 01.01. - 30.06.,2024-07-31,STRPOL
Струмичко поле АД с. Василево,Other price sensitive information,2024-07-31,STRPOL
Струмичко поле АД с. Василево,Unaudited financial statements 01.01. - 30.06.,2024-07-31,STRPOL
ТЕАЛ АД Тетово,Unaudited income statement 01.01. - 30.09.,2024-10-31,TEAL
ТЕАЛ АД Тетово,Other price sensitive information,2024-07-30,TEAL
ТЕАЛ АД Тетово,Unaudited financial statements 01.01. - 30.06.,2024-07-30,TEAL
Технокомерц АД Скопје,Other price sensitive information,2024-11-11,TEHNO
Технокомерц АД Скопје,Unaudited income statement 01.01. - 30.09.,2024-11-11,TEHNO
Технокомерц АД Скопје,Other price sensitive information,2024-10-28,TEHNO
Технокомерц АД Скопје,Unaudited income statement 01.01. - 30.09.,2024-10-28,TEHNO
Технокомерц АД Скопје,Unaudited financial statements 01.01. - 30.06.,2024-07-30,TEHNO
Технокомерц АД Скопје,Other price sensitive information,2024-07-30,TEHNO
Трготекстил малопродажба АД Скопје,Other price sensitive information,2024-10-31,TRGOT
Трготекстил малопродажба АД Скопје,Unaudited income statement 01.01. - 30.09.,2024-10-31,TRGOT
Трготекстил малопродажба АД Скопје,Other price sensitive information,2024-07-31,TRGOT
Трготекстил малопродажба АД Скопје,Unaudited financial statements 01.01. - 30.06.,2024-07-31,TRGOT
ТТК Банка АД Скопје,Proposal - decisions for the Shareholders' Meeting,2024-12-27,TTK
ТТК Банка АД Скопје,Changes in management bodies,2024-12-25,TTK
ТТК Банка АД Скопје,Other price sensitive information,2024-12-18,TTK
ТТК Банка АД Скопје,Other price sensitive information,2024-12-12,TTK
ТТК Банка АД Скопје,Proposal - decisions for the Shareholders' Meeting,2024-12-12,TTK
ТТК Банка АД Скопје,Public call for assembly,2024-12-12,TTK
ТТК Банка АД Скопје,Other decisions of the assembly,2024-11-05,TTK
ТТК Банка АД Скопје,Unaudited income statement 01.01. - 30.09.,2024-10-31,TTK
ТТК Банка АД Скопје,Other price sensitive information,2024-10-31,TTK
ТТК Банка АД Скопје,Proposal - decisions for the Shareholders' Meeting,2024-10-08,TTK
Уготур АД Скопје,Other price sensitive information,2024-10-31,UGOTUR
Уготур АД Скопје,Unaudited income statement 01.01. - 30.09.,2024-10-31,UGOTUR
Уготур АД Скопје,Other price sensitive information,2024-07-31,UGOTUR
Уготур АД Скопје,Unaudited financial statements 01.01. - 30.06.,2024-07-31,UGOTUR
УНИ Банка АД Скопје,Changes in management bodies,2024-12-27,UNI
УНИ Банка АД Скопје,Other price sensitive information,2024-10-30,UNI
УНИ Банка АД Скопје,Unaudited income statement 01.01. - 30.09.,2024-10-30,UNI
УНИ Банка АД Скопје,Other price sensitive information,2024-10-24,UNI
УНИ Банка АД Скопје,Other price sensitive information,2024-10-16,UNI
УНИ Банка АД Скопје,Other price sensitive information,2024-08-30,UNI
УНИ Банка АД Скопје,Other price sensitive information,2024-08-20,UNI
УНИ Банка АД Скопје,Other price sensitive information,2024-07-24,UNI
УНИ Банка АД Скопје,Unaudited financial statements 01.01. - 30.06.,2024-07-24,UNI
Фабрика Карпош АД Скопје,Unaudited income statement 01.01. - 30.09.,2024-11-01,FAKM
Фабрика Карпош АД Скопје,Unaudited income statement 01.01. - 30.09.,2024-11-01,FAKM
Фабрика Карпош АД Скопје,Unaudited financial statements 01.01. - 30.06.,2024-08-01,FAKM
Фабрика Карпош АД Скопје,Other price sensitive information,2024-08-01,FAKM
Факом АД Скопје,Other price sensitive information,2024-12-25,FAKM
Факом АД Скопје,Unaudited income statement 01.01. - 30.09.,2024-11-04,FAKM
Факом АД Скопје,Unaudited income statement 01.01. - 30.09.,2024-11-04,FAKM
Факом АД Скопје,Other price sensitive information,2024-09-19,FAKM
Факом АД Скопје,Other price sensitive information,2024-08-16,FAKM
Факом АД Скопје,Unaudited financial statements 01.01. - 30.06.,2024-08-15,FAKM
Факом АД Скопје,Other price sensitive information,2024-08-01,FAKM
Факом АД Скопје,Unaudited financial statements 01.01. - 30.06.,2024-08-01,FAKM
Фершпед АД Скопје,Other price sensitive information,2024-11-15,FUBT
Фершпед АД Скопје,Unaudited income statement 01.01. - 30.09.,2024-11-15,FUBT
Фершпед АД Скопје,Unaudited income statement 01.01. - 30.09.,2024-10-31,FUBT
Фершпед АД Скопје,Other price sensitive information,2024-10-31,FUBT
Фершпед АД Скопје,Other price sensitive information,2024-08-15,FUBT
Фершпед АД Скопје,Unaudited financial statements 01.01. - 30.06.,2024-08-15,FUBT
Фершпед АД Скопје,Other price sensitive information,2024-07-31,FUBT
Фершпед АД Скопје,Unaudited financial statements 01.01. - 30.06.,2024-07-31,FUBT
Фершпед АД Скопје,Other price sensitive information,2024-07-05,FUBT
Фруктал Мак АД Скопје,Stakeholder Deal,2024-12-20,FRUMK
Фруктал Мак АД Скопје,Proposal - decisions for the Shareholders' Meeting,2024-11-20,FRUMK
Фруктал Мак АД Скопје,Proposal - decisions for the Shareholders' Meeting,2024-11-18,FRUMK
Фруктал Мак АД Скопје,Proposal - decisions for the Shareholders' Meeting,2024-11-18,FRUMK
Фруктал Мак АД Скопје,Public call for assembly,2024-11-18,FRUMK
Фруктал Мак АД Скопје,Unaudited income statement 01.01. - 30.09.,2024-10-30,FRUMK
Фруктал Мак АД Скопје,Other price sensitive information,2024-07-30,FRUMK
Фруктал Мак АД Скопје,Unaudited financial statements 01.01. - 30.06.,2024-07-30,FRUMK
Фустеларко Борец АД Битола,Other price sensitive information,2024-10-29,FUSBOR
Фустеларко Борец АД Битола,Unaudited income statement 01.01. - 30.09.,2024-10-29,FUSBOR
Фустеларко Борец АД Битола,Other price sensitive information,2024-07-29,FUSBOR
Фустеларко Борец АД Битола,Unaudited financial statements 01.01. - 30.06.,2024-07-29,FUSBOR
Хотели-Метропол АД Охрид,Other price sensitive information,2024-10-31,METRO
Хотели-Метропол АД Охрид,Unaudited income statement 01.01. - 30.09.,2024-10-31,METRO
Хотели-Метропол АД Охрид,Other price sensitive information,2024-07-31,METRO
Хотели-Метропол АД Охрид,Unaudited financial statements 01.01. - 30.06.,2024-07-31,METRO
Цементарница УСЈЕ АД Скопје,Distribution of profit,2024-12-12,USJE
Цементарница УСЈЕ АД Скопје,Other price sensitive information,2024-10-31,USJE
Цементарница УСЈЕ АД Скопје,Unaudited income statement 01.01. - 30.09.,2024-10-31,USJE
Цементарница УСЈЕ АД Скопје,Other price sensitive information,2024-07-31,USJE
Цементарница УСЈЕ АД Скопје,Unaudited financial statements 01.01. - 30.06.,2024-07-31,USJE
Централна кооперативна банка АД Скопје,Proposal - decisions for the Shareholders' Meeting,2024-12-25,CKB
Централна кооперативна банка АД Скопје,Public call for assembly,2024-12-25,CKB
Централна кооперативна банка АД Скопје,Other price sensitive information,2024-11-29,CKB
Централна кооперативна банка АД Скопје,Other decisions of the assembly,2024-11-19,CKB
Централна кооперативна банка АД Скопје,Changes in management bodies,2024-11-19,CKB
Централна кооперативна банка АД Скопје,Proposal - decisions for the Shareholders' Meeting,2024-11-11,CKB
Централна кооперативна банка АД Скопје,Other price sensitive information,2024-10-31,CKB
Централна кооперативна банка АД Скопје,Unaudited income statement 01.01. - 30.09.,2024-10-30,CKB
Централна кооперативна банка АД Скопје,Proposal - decisions for the Shareholders' Meeting,2024-10-17,CKB
Централна кооперативна банка АД Скопје,Public call for assembly,2024-10-17,CKB
